name,address,processId
zqtx10-arweave,pNT5esHnPYMPh05h_m6zaQJoUnkPOSf_Mr_5jBQIIeE,tC59e4M2J57wyh1j_jal8BGjAkez0eWrZGbRzIH7pYQ
zozak--77,bRNQpv8NJbDsOtdYhxCiSY2BwnkE_DvnXe21TCO_dvM,gg_q1mtUnj-x4rJJr-WYSriQmGezI9q-WBH_MYHvxaY
zoorkriid,wmkl8ftxAPwknktt8suZ3dOLM777hcC7q_EppgWsQ_E,H0Q9qyE4BvcMnOmK9FdhvqzybQePrVOzGbScoJdQGBY
zkartherskyblue,PknxsIAYcyz0bgHOpH8W_IjDFBUYBLjvXezEDN_mze0,cgFXKisqDY8A4u62HSuDJNj_IBKfGm805bsGb3uBUJ0
zireael123456789,dLR9-NnrNUKdN9AlmpRBtCjacHpUPygJku_eA5nXlKY,rqAGx-YEn9blEkvkIcSoL8w5y_BRm3KABDtMNvAWGdI
zhongguobisheng,URwhunkVferACw_XEtJGHQmTg0d1VfvkK7-I5Ozx68s,ILHM3lsEBSeeFpiB8h2jO-IUyW_8P9dnU_inDh_BvLk
zerolight,Uaoupy6sDb-7GAZJ5dhl5EbUX6C45DFogjkqPRU_G-8,KyCDI9CLcJftH2Wjo0nKMS2QygojouhnI-_YnqgpF-w
zaurmammadov55,ETeBOiEtwaI4Q-58s4b1LxAxC_KqxpWXd2EopVrJE5Y,fyGnwapiEJhwHHrnT49E-uaq-GsMWzHEsXdoVAb7eJE
zampakutominnasan,rqCfV6SklF_GapIXLbDUxKfjPd3sgr8xN3julM67P4Q,dbH9J36w2H_j5tSrErXJhsPmxTadcj4lPtKPNUa9XnI
yusufaytnario,uAsYw8-vGL6zgyDfImyW2MkiqI8IV2FteK_Fzz-JGWk,GKD3OcpAZIAECTvNc-nU0p8CgwdQoBIqHPigxre2sXM
yunosenpai666,tolizRzlRpEhsza80trMuHDvAkwNt2c6EcX4Z3MktNM,qCUVg2ACKTbaYqeGi08PF76VawoRkGcjKy9QELyqZS8
yueyueyueyuede88888,7sn7I0HQJH8ahiWQy7s8ciIL94ESF8R01Jt07uiAXpo,OOFulcLXLtovAT7mB1-GYSF_dN7W0ehPDP5UnEZ1MFQ
ysbear666,HinPKdv_aoA9gTc63k4_-EeOWicZThGIs2jS5c3Ck6U,M6TPV96-bBVzQc4j2cOEI_RTgUF5tIGYbksy3D0Gkhg
yoiioy700,kJk8ErYXJlxNlZxu1hWRi3uMT9q3eBClY_gsQaTU2bA,D8R_q1tMM1410ngJomWhi_wnhV5w6RAB8-UmNujuKng
yellowsubmarine,qI4pgr4C5IIe71GBBfLGnSwpIINjCNhm7mluqZhHbXY,E5pYTVN5rBlxsGa5vdH_du41aqBUPjPn01SVFqaYSJc
yellowsmiley,s-wnH8yVwZnYPsGUjVyu0YmXwQqKulCiEkTb420xrWE,q8Rjdyi5LznKKVyA1G1PoDQsD86E2h5qSIqcD4JiIYI
yayayayayayaya67888,D3sX8SdGLWUwXNcn2ntwCs5bPvlCxS6Dmfg8lNIh4ek,7661E6mvFvXtoufsGw4JbV3OxgZrdqI7lm8tdXHTXOg
yashuai,vqcrd6dnlcRqHm_VYxbck-M00-GJyXUrzOZE-UX7gHU,O35oc1qD32KVhoSrTvkmvCd8s4H2trZHe9gQTyZ3R-A
yantogg666666,K5eNPJ1C56YoV6uDgA5UdWpqu2Llah3X-UeW5yaCdtw,QYMjLd20EegQOIGEpa1cZFJnVMHY8WF769ooc6zzIxg
yabgutungalper,SsfZ3UFi7g_GFnR9allWu2_5S3166Q6HUIcNEdPTEX4,I6YiaUVHoYrtpuH3qmsgvg6gMzUTEXnpXA9JG_Iw1cg
xyzmagicaz,N3i66WZpJVNLtgLJ9-VmhK1QcQa964jIPJkPD_9BTOQ,grlo3Do6ALDMN8X8jKy8y8C-8vHly-9wr5wAeHJgQcc
xnlralsgrv666developersqlpl,CoY2zi3w7uQNdgM6Y7icAYWdWL5ztTQmAXKRkVj_6qY,KwIuCvtSSigZL7OSC1l5J6fyeHrwggZccb8b_JbaZG0
xiaoxiaoyawerty234,XRnnbGKpkEojm-P8A42OVGzgFNuVUL0TxoKz_jFCTEs,Br8ktUmJfgxWXsMeW4v5u4HoOUUZRfsRJA8zznQ-i4Q
xiaoqiangkilop09,tIKBMoSxJJTMz8P9Cd3g47OhueRnloUH6hVQtu6unpE,0Tb77EnJY8wFSiqqU9gWN6bIBbL0wllX4tu203ervPY
xiaomiarweave,ZSLonf1vMGR7PYiJo6TgsnZ7UTdgmEBMlEIUpfsQVaE,NEpy0Lcqu--UMf6AiapyoBkGSJjE_poyA67uTx1bKrs
xgenfamatolians,rsAE1FoqbXmS958Li6K5m4954_-By9TCkTsKzM3uBp0,XvhtioICQjHcXwitfN1-7M-FI2LPqUr5BLZxBgCZDNE
worrycloud,NndQQhCKRjCcu_jG3GC_2vBfZvhDkeNsWaKssc4x7pQ,FwgL4lNQXiGvS5Rn_aP3wd39bdbBFf5ZPXLjSgWRJ2Y
wkwkwkwkwkwkwkwkwkwkwkwk,p6ogM04NLTLIUFIMlQmPkEXKKxw4qNb-8-NQMh2bBX4,zhu6TCS65EUQau48dxa18P7-mgAMRxLNQTL0FYNoucM
wilsenherza1122,D7Y6RC8z-xzqPlCfc7bU6uBPbA5FjVOeaGVZcxVwKIw,vdUxm5XGmSEeu4tUBt7FQ6MGmGbL99vk9rSxbMz-dKM
whats-your-mind,-oM2RNQGCCGON4JB6T2mMjC_o4VUkgcNoK5zQ7sf1Os,UsFF5D5-eUHuf6dEIw8Pavr25iBE6DjPtt7PgMunWvk
whasingtononthebrazos,3_kbJkJXJ8PGq0ZDPeV-PcBwAfxhBHpDoIiIRkILFBg,2Atwrvjs68lc_9sgy2tUweICbuGw_MsMpXnocPLfMR4
wendyhsieh,PKGzcUs-yL4M7DCb-Pe4AljpNb3To1r89KKaNnF_JLc,TXAiF8-RK3NAuV7Xs2tePGlEI9166l2VYyD7-miVooQ
weiweideretyu765,eK3VrGDQm5lnJkcbi7OqyW2XhnsN-gm0hg0ByeZLavc,7UvC5pcUtv9eC1p9VXqfeAXPcPU99wzV_2hN6ccmoMs
weeklyarweave,B_npMgHWVUV1cF7lddUrmaO7ucXYuTp7j7388VO0_QM,HUZ7p_eHWQpQXSd-rfFhRoOEFaD5fgO4ZI7ZtS1sN9U
websites,ZT_g8SMjO-VhXF78UJ5H7boPWXjr225QfKS-VvSafB8,qXmaw9mnQoKHwkrxUrmDsMrI9walzi0-74l2nY4KPYY
webraizolabsarns,jDdK_PVoWDlBGufV-6gIsZnrnGmOOsR-8AIHulRsohw,CkwEl2gAMKErVFFgw8ESWnJ8TRSai_Eh6jvX-uqKmc8
wearwe,-Rw5_rkGrQAA-jDwQAa2uPAF3EHIRnjU7SjXFIqmI3A,tBq7Vdwe5Tz2gUb2ewGq3Mk6IOtgLsG61LuHswqslhA
wearegonnamakeit,BG-ahMlc0FzDKZkoz2Ht0H9Kojocj2jvo3RCYycVxXE,dX-wt9NSLLo1sm7atrTcjXkRaH5cqe2W7y3QBBolz3U
walletconnectfoundation,2nLIn5kUixOD0VURUX_p_IqDTfgji-OgROcsVvVHvP8,oXlf87LBWcSGXPStkiUk763YpU2sPZODgdIud2BoeIY
waiting-feb-8,MxQhZcs0BY2Asn45y8rp1pE8oFKW8ZaHDV9Xl-jlkQQ,jggRE042_vFrrVfqGRCa8QtbypFZ0BS5O8w6Hxw4sa4
vywandwhichfavoursofyourlordwillyoudeny,Gko8hpfcm2DRnMmuHgnoSP-84YogGDKQODGUbd50L8Y,Xj8Dyx6laXlNQ21nQOiiTAtLFfYyoRDTYYCzKtcYFSU
volkswagen,TlZUBXVaCY5mvVX4IUjFR3FcMhkmnTAWikzuWlAc5_M,OAW9ZF7440nYLqxMtY_ywt3_lYFhCSiTbEWfk61PUmc
vnnodetop,xyH8-v62Hs-Wvli8WF1OZ1DeuAg6YviFPE2CIlBUhjw,UNx9gTYQljs-YrnR9o6GTVOD8DmgW9WBmZbwKT5CYco
vilenarios,ysuonk5asXwMweCjbKBWIjMLlvhgZP94sDlHDxGDzJo,4j4RTD9UhXZSExq1ssdZ4awaEXYL_rBeHP_YkdnMKPI
vevivoofficial,ciQ7RQ8QPPv3bGoMfN2SlYIr0n8ZDLZ7_aDW-hM9pLQ,yYjHP2UUno7Wwf7x59WAXXId7Kqtm6P0S_ZcCEsUZHU
velaventures,SGJLveAty56-TkKSjByXuo2mNK9q0s0U_RKmYmkhJ_c,Vp0ezp-I24fKlW0VQung1mG2zN6fQwL2Oo39F1grK40
validatorario,tsfe-wxLH9Pj3FOdSrw9vgvmlRzNigl8TvxJuB7IZ9U,-7KN-IPBkTi_zkH1Cqt2e1_-DnACMgNeOt0MN9ijlzc
unforgettable,lg_7LAVbp7bzvSiaTVn1wivWlr8ll8atsvYyy-NTJG8,gsEHNYKQHAGYI2aXp-aaeADBMRQ0M6d7Wu5JQxbsG9Y
undertaker,iKryOeZQMONi2965nKz528htMMN_sBcjlhc-VncoRjA,MRWq3hTSk5hnOKGTWsXANg8CkS3XAS1c4vyiQInv1sE
tyreebucklillac,w_nDO7NzBHY3nsi9rkP8BjWou-Bge0jZ4LPXeAO8c7g,taViXjL1q0njIiIok-p0E_lGBg0mlcV20uiSlUclnwc
tonysoprano,jpPWBpBN9amvVPjP_v5XlnEu7U8TAaTqPlJ2cbREe4U,uTddPkcGnfyUVhGBXBEWJB_KXssSkEUk7banMD-CyS4
tomyristhequeen,pqJmLkaXWjgSgsTB2_l5slTdRrx7lgzq1XTc4LRV0l4,WhzDbp6p3k2P5H2mbeqx5B2MmQSgRs8aBKnUM3ThTB8
toilaai12321,w_dXSRqIUrIFn8QVRXuiQ25-5qKGDFNliIztzCa8PMY,Qpbh7VoHIbrGAZhbdmfxP0aDel7b7Dn37XdpqYUH8n0
thirdspace,X0DKu11docURUSsyqSwO7elFbHBpxAzJI6GnlA66U2U,v9t68IwPxE0KUaI1OGIKB0ouRNQYTSzxS9CjH-yZiAk
thiago,utfXmEX9YWo_8N498NJ9GNt_aCjOT7UF1ciyRvOwI48,rKdxhiqSEDeqKRY1nwyy4Awib09Ae2PGBgqISVF-fYw
thessalonikiboy,IQI-tSXvVShUwOWvG6f1FhnQhbcSb-XTbrt4VO1G1eU,TOsE4uhf3fjyTNB3t4fNMTArX6M8M6plxdWunMN5UUw
thertln,DubkiWVLcDc1mpE_xlZpnvmjIDbsbjt2pzuFFr_7gs4,oYv5RDIS2H9qh4gFfgWN_bAo5jkHHxGQoJL2pWw1Mi0
therealsavior,pIWx7GBmN7HuBM2Qyplxwpt0uiw59TC1RyL1XZrHcLY,s0F-dbvTlq8o-piJtP9OEBKwbjUs2KOqQ8Z9E1igh5Q
therealcomputer,2MvujU7Bn_jE3AtJjDzXiI1Mgr4YJe3RGvjzveNkrlY,J426m6kq8KC76bQNYWaHFC9YIRBBhXRHw3osAF2m-bs
theogelmir5403,c8P--PyO9-pvmdpH1ApCfUQxBDqrCfpMty3sQHos0RA,eKr5_0ehewwPvnOsoRaF9bRtzZ8RqOz_jU-390lwK8M
theneptunbeast,YkL8yE2XW5Bq7Zspx_xpiQhEWlcBWBWFaLENAgZIn9s,hRyWt87WDBMmysd2xYjKPKggNA0w9q-NmAh4e8QAqC0
themagnificent,BYtx5jr81Kwx07LPf4QyrOlIYB3RTY8doE97ca8uHkw,I4UyjppNvU8xS17b9AdcNCfnqN2907nnrn_-1oE7e9g
thegreatilgazsoy,KwA-r59R73NDZTKaJmjvk2B4dP2RrtOrmy9RjKH1w6M,WWOqVBrvnCtYkHlq43QM-uotfaLwe_9a4RReQrzba-Y
thefoolthatdoesntbelongtothisera,8kUiVUOZeCHLdw48R3WUsuRzjhP_Sun6c8TqFiJ-wRs,hqyTk4Jc5YuHPDZ-G3MJaB-LWr8l5fqgspPjPH0TUP4
thecoldblooded,1DkiG-bX-EnXBHtIYnBPLHXLLUQtTZiw9qgMgRrnahA,eUMuNRibm3X-Fazm_ZqvlkQO2IjPuArrZqlUGCqATYk
thebestguy,_pxu3CF4PZdSRJXgvsh-byud6Gti-UvOUA203agA0EA,B8LvQREwYXpx9sPLmvM_xPodLbEhEsktiDneGJ1ktkk
theanh97399,xmZL_bYpc0xK8gubrPxg_5Xc9WcJXJjYXooZSO6Z7dI,lrdARDew4YUMQXEQY8vyweokn_CIcomSDDYiT9ZvkLw
thanhapplevalidator,w_0LdLYJ31CkkNwYvTTPaUpqUdC7Wrjm5hoI2_q8q7w,4GwRqFSo8R63bzayjIMPEHUxkX9N9ccNTtDQS3_s_N8
testtesttesttest,Rc80LG6h27Y3p9TN6J5hwDeG5M51cu671YwZpU9uAVE,2Vc-Ly_rGwKthLuU6Zv2C5HCeUDtDzAI7eg--J8nMyY
testingforvelaventures6284,EdIhH7rsQRx0PhW24ZauLcYX60EvMllUtVkqjgJXNwQ,57xtskMMnACEe8mOlwftXAEBTyLWSOeHDlvTVUfiLcs
testingeth,rweM0QUKbLVHADi2jyAvtOYgQv7lhp61NtX2ftXpANY,9FkD8eghbiUYBzhtmVT_Coh13jZFxNqvHBt--QROoTQ
testing10,E-QVU3dta36Wia2uQw6tQLjQk7Qw5uN0Z6fUzsoqzUc,SHoW67AlO9mrZ9gcZse3b3pB9UbtAhLPLkCxy3MfuOM
test222_test21,YujOz6A4iuIOcqLvxllyoGLHxYaPNhNUes9wab7ZQOc,q-na8rWVZedAh45_bhqLUm_kylp9Wu9ex9KNbYbWCUk
test12345,9jfM0uzGNc9Mkhjo1ixGoqM7ygSem9wx_EokiVgi0Bs,AewAAK3-qxy1NK3dPR0M69EC4F6_VXkkNPbutJaIfLk
telegram,0fguAr9qx_wXOvBmalr5Bv6jdpw5_fxSANoxiURYIgU,LRL1BrjmtQZIOTwdRP9ItVZITAgc2n_tC6gWDCOzv90
taylorswift,w0HO5iNwVWB-v_sKPUnieRYrcqqYPajQPMyvEZOgU2Y,ab3MSVPtY_-184bZ11PT4HE0yPuDMz3qmuCJIxUjp54
taskopru,qJU-4reunu8JdPHrzCL2eH_vsyU_kljRcFWDgR8s-tU,LyYgjp6b8sSmz0yoB4Pyo_C8gmNNhzOgfKSxV02h0Eg
taiwan,mXnm1kup6oDkTAKPPPTXHTzfEEI150orhY63EU0zWd8,PovcIwGNZHnIzrdvnqCNOohV9vKnfhbVQ17y0z-eFRM
tabassom,ftIhJUvJDTRmRQLaejrICisu8-mrawAmBJOecJRhVXA,AUp_8VqFOcHC3HuTf_grEdXajLQ1vFpOt1SNqRwLV7Q
systemofadown,PA1vJV35PFwk0vRe6xnPD9mGXwrFGwg_tJlvOJJv3WA,uf4_LTT_OiNULho4y3Z_wIaW2rtqbqKC51tsC8ZHKjs
systematicraund,hCDOWv517_yzG_v5P7Go6b6nAJ3YV7JFinzH8XNnskQ,-bl34R3MwipVdUvhsaEEyJOqByb4dizDH_uREga0TjE
synergeticslab,WWPPHYYIkF7dJkaWJXZ-GTgX959gNjwVnz57jlSCKUc,bXnVMCwMhPSnZdTcdfAOL5BIZCJBC628x5jBfte8Wjg
surplus11,ikKaswIUwf4FH3OSLKsX4EPnparUtrLySg1wJ45sl1g,KzyzwgqfVQACx6x26BEsL1dJDZO8tKHlpQG5y9Ejg6A
supermarket,R1phTuiapqF15w3dJojmtpNjXA9MD46SdC8Ly3GPMkI,RZSh4P5UcthsG8DvLo8uCZdqhx4UGr9a7q5htTMHaOc
story1988_stoic1367,DeGl15qxHwAIhYWbVcBvAJCinbH_9gyhtn3eEhNXt1s,qrxrKIvcUMmVB1jqAFcr8z3zCCdpoT9JHq883J6Fu28
starverse,Dw0nUPZUEwa0oivTfRKeDrfo6rpfHpS23mDxI8VknRc,jVTfFZTsh5ie8U9gUG9TAJRV2qDevCoIMiCiW7h0UuI
starbucks,QzNKCRixV8qNj73IojtrkofTg8_sqvHqiCTF5YYIwiw,oLp9CIBi0xlHfZIDgAhbFnwzy9fcryfZuTSKhcfKFFY
standart-finance,8cAuU3yZXA-9fxalz-jXrnvqoecfiBryzn5BDioF9oo,Co2FOQkUNGdN1psmF4EypklG12JqBLr_QPAgFuIsj0k
stanbeorn,ty5YtynhdixPERscueTiOl1KA4Y69HNrAaJ2H_2sBh8,COKviaFgnADCnL4piJDl1-Dthzt-tUDAHe8KNtb3UX0
spongebobsquarepants,3-y5Td8hzGjPjOvkfCaLv4_kt334HZepIJUhr8o_qwc,1tHIW83z85LTAkIbFgr3MaEbvD22NiWp4eILfPs2N7g
soulincode,2uoimNjymYyKxyDDnzhdr_ptCCoYeUF67HDgRPrCNZM,NDtqKytViRhQPF2y-Wfn3IJYp8QzGN5qns-pTEXYRjI
softnight,LGK0LokJVQiX_wvKzLXMZ_TwsVG7v0twcPUWvLIaA7M,OUaTmbdZMOi-aixAT5jTv9a0W23WpY2yUR69mMIUops
sobatngaret,DSJ1EJtukY37ZopuYDQAxS-_IqJmgdyX-ZCqj0Ik6gU,RwQucTuvEjgVlyVhNJRx2uurCVDs-Jwd0IG_h8tHXdI
smooth-operator,MMQG-02x3xwoqNFj_oKneW0hZ2LWYrulE6plZuyIl4Y,Q8jKcV5mOzS160VeI039frtoQPVsRFOcT4GS0DQ381E
smartcontract,-_KHuNJFsOUyn1AvIAfDhJCqTPj7nZZ5Z6NLsA3GizE,4AYdukXMgjLBFZwD6Z4TgKOr2q3SKeBpU5U_fn5MjhQ
slatrokh,kLHIDlU5C1jmYGfa-3sH0b4cpZDQNgqMrO43KtTpztk,ICyHA8sEGjinReFU5AtOcxDZw9V8AMaBVRwJaeVj4rc
skylinesoon,trX9hxCdYV8cpqfupc2oEMo_kITuMPQCUif16mFsLWg,fquxuBHpmbCP-PocZhZFLwRU3hWLO6yqfHMgqifZfTI
skyeagle,lC5I5rQvGZn36DodBvWiMD_abkprE20p6GgGiZakk9Y,0FrDDSNFwb6RK6cf_JD5SXUlhFoLr_UZdMvLxVcNQ8U
skyblue,0x3489d4eC0504970aEfBc446689145e79e74E7b9b,FfshATXCh-4tMcstGRMYx1aI6UiY0OlREdJXzYsEqSo
sivaslitorkuuu,rHZLhdsXk8NOepTZwNwcBKq_vO3nSpG9kMAqoVZpJZ0,SQhobvOB2fjP4qwgu0NSbnX_raEMurtQ0CopfsBDcHg
sipaijosingo3011,M7S_RyYLY6aoWeVagS7oj9oraWbLlxBYO3mCk59tofU,4D_HwpMqeLR8ixclHomtPfeVXo-d5S1xlnf3guJ3KZw
singularity,ExqtqTRMA3MSmw3wBNYauyvMQSQ5AQhuUaA0GF9xOmc,M8j5R8XITAhlODZ2DzkERR2RcqbrXVws7jkWNUua66M
simpleisgoodchoice,XKTUeKUIVWgM8RC4JAuBJonBqjGvvWkLnlGJWRJWGGk,SNXBAlAI6VS1nO1BkPh5Kpqhlmz29X-betCQImQsWLo
sigantengdangratno,l9xj2EhpA7ZXBbidRmbQOaEJ2ap2mWN3ByEyDUUToMI,UCO_5LSq6oOedWDfd5hTg7afP_2MT3lKfsYaYkBh1vw
siegfried,vu3GICa6cX2SJsKCG-1wtUOCtTqRvRetVXSwoD8cykQ,X7rE79HBPKixBJ2vtJ5MTlOMViVniUX04c_o80r3S-o
sidetoskaaeda,oj3bHrNGA_g5NFVxQYBDUnkKqf5eF4CTcm1cALjE-Qw,rBGoneuUfhqkPkr9gJZjIc1TAC0wCo39714XUmC2SS8
sickboyx,EInZjXtQ5-ivzBr2EOxyxXcumQCNPPu6e85a6FtQk7Y,uW84wTV3MSXVSIdDyz5F2rmEYI02oia0JvG2NcY9r28
sherlockholmes,L3E3GUG2jN4Lpp64w45e7JWGKxY4dZ3GHSNWdL5ElxI,DlRPNQTxpxbBCxvq-k3-QUX_NO-5hO6EUg82HpomScw
shapezero,SqEQ2UZcI6s4yU8jQMnmxSBmu1XYBg_eHoivzxYljU0,5Ux8a42StbfNmEhUjkyPEqmOQqATE5TEDwUGjJ-LF1c
seymenyunus,1_xRr6lljffPfLgaGShavvjmrw5HEfdIe_5yB6HH75Q,wzJHHlglaj-L8X4oAvwpzmhaZeiOxTbzhkL609L7k_M
serkanaktas86,0IIJbni2dHGXUFsLKuWr7btGLJaXF5rBRbj2nNMHiVo,hRoKEJ0dxyoHr_mxDEzio2t3g1kk0k9As2QImm43wxQ
serdarpkr1960,2fTFrduo3Yavao56nDuaBWlu-GiGAX9SqKu1dkJEcx0,QW-8GrSK_Qm9Ma4juaMQlMu5umPZgkxGlCB0LYaWxr0
senjougahara2254,hPwI-etzvMREiDi06AFrW5P8g9bxBBP5houhP5CVi2E,yl7q6HJJKvQysrsupCp6X4pq_Id85SBpGg7ql8S-k0k
sefakrada1903,txbw7bdvmzehviW7qXyZy4vXnmtqzgGXZ-H1QFNHlqY,54Bxx9JXOtjtKspJSRnRobOjY9yRBVZW4_Fe-0DVLjU
seeebau3713863,4_6c9t00mlMzKVC4RcSikgxb3WisYA8kWZSsAp2HqVw,VSVKbP2_rtUUCloKsO78Ba6-o32CfR4dzglHs1eXETk
secretsubject,-C5AiYcMmrOFHrnQwhJg1Xtzhz23T0zNB0ACge1otHs,aYMNYd9QW6YE6XNSJDRR7AfDeu0VxLORO7fUb207Bp4
search-name,BzEN1JRkcTehW2wxadw6oUWNYJh82-4qHVAgtnQj798,7bleNLAEA0D8MO2yP3LcNXj6HfeWOaxS-Tp1mXmxubA
satriabajahitam,5Jmhw352obDismSNQREt6TkK3izKE7axBe9_L6djqms,wK3SYosymEc7yd6H2ngs_Kzc8IzhRbkAyZXCYz2p8WU
sarisin_saribocukkkkkkkkkkkkkkkk,HcSFZii3IwcfU5Fdn95Mt6oEncltywe47BiebimDthg,5Rn7RapMwPrJy_1EVSoMj4c2dq7JZIsgBYGRMuBdopk
ryuzaki,6DTdZsulq5434j-xVKdEJhu_-dZm6rSUfZmHtEmGQjI,aBgyt_0YbOqkTMff9P9FQgii0ix67TeU-YuGHHFZO2k
ruolingya1234,b0WDjzS0unhUw3of4rfpwhXSo-IoqfolsphFwpXHPFs,1DZD3aEseOi9axpeZH3Tj61MUeSRz-KzepNXiObPqE4
rufetnaliyevao,Ej5lV19G8M0tYlv3Wa3i3PJ_QMaecq4ghbvPedYzEaE,GfwpANu6MCeDI2A7y1ekVPpucy65gWGOR2qpLU3P0yw
ros,v2XXwq_FvVqH2KR4p_x8H-SQ7rDwZBbykSv-59__Avc,_pxLINhsMJ7Cmj9Kvjsv-KsP4tni0hjSAjc3Hh8XL-U
ronigantengbanget,ax3z_BlQ2Ag7sxNraGgELCD-DhSIocJheBh8MyGHuLw,9lMJmmbf3g2H0eXiFVu_VUwj9blheFDYMUMosWJftF4
ronaldothelima,8TXp8R_iNqU6JtMhNyzC0FdLaMKNvnHQDvaufiJA9Jw,x9rlbhAlJNbNZlyJx__4N_SCnnMjbNZq96XnWhMV8QA
rodruquez,chmRNNNAFKt2m_UvcRgBJi9iU03vX9WA5qq0-vX5aJ8,2ZW9eJ4PwTzbkstUGfC9ezpHco38W961nqYyR02mUaQ
richdotcom160,X7ujCVP0fAQAF_b-6Tm5qaxIDL_HSKVLPdwmbe6zpGo,-LhmKhG41ubWbCXWdkZuWIpvUvlNT2ot_hNaw_QZ1sU
richardteng,kM6GkV0cBOLSydBI3lxc27j6pfSbRddSPrzgDClOj0s,6_dAIVD8PID54xa2yRH6bf3fb5eui8St21kZTVfHY8w
rexhoariolover,ivmQI0ccIeVEQ7mXsgW2-3NCMxq9Wu_CxBcc96m0-qA,8acBAdC9vQ1dqqQjdmf07kOvN7vktwqZ07BW5hMg1tA
revlv,XwO2tGSO_NLvTaUHycLAeTb-wbO0s1T6eKsLkxGeZkA,p4lUOdIFE9rdBdjUbXiajF5XK5xljBVw_ZRmtJJGP_A
retroverse,5zzTAeC1NETI5-8J1jyRxyqV1An1EwWtJzUCeJRWwKo,c7Aw3j8KoaOVNkn6CZTVsGokvb7QeY3HhepZEiDGQ2I
resistantdomain,BSk519PCjYmlhLWZsBlr2k2TzLU0mTruvHvcK2zIjKE,_GBHFro5pPnadBjD5KhiWAOnoyBj2c8WbVblek1yyak
renecrypt,KD0xmG2U1kjkkaPZNCZQSirZOSnxKV0OoBSXsUgA_6s,_9MK9BIh-BUcb97Z38vNAOC3sO3LCdQVUtP24CUQBww
reindescart,gvNpPcsDbFvF-Wn-BymQLb3CbGYmh4L_8F2jp9QM7oQ,QP7XB3teyCh2dXXlZmlsmq_U7PfecP2mxIyycJdlLiE
regarets,h0YJJPy3KbX368O7OzF5VgNPUYK6gYnjBDVSjxXa56U,XXFyRkLOZ6toypEkT7sJlPEaaGAi-vvnmXN2CB_uzwI
redwhitecnct,5wseWFMo4M1BsCJ_lxIU1bbLH7vMTL-SImx_x7eeCYM,-FCm1fDFv4mGrEov9ZUv5PlvUdl0giuXzn31yzSl35c
recife,rR5WbfH_xBA2R9Z3aJyEk_uXTUr9otjQCCd78GVmFvE,z5PbLTK7HmT91KOzx6MaAMETWHHDByfZZnIZFuMRIPo
realworldassets,xi_MGd3VqhQfiBW4gpsUFrdusOBMVrbQqUfRTHA2u6M,AKgIixMeyb7Y-KqbcdVACoPg3911FFIF_8ka0DzDiRE
rayenakasleeep,25hFDwg2WJFZJblxX-30w9xSPScpHuhpPFmFSN-XinU,OM6Pljk7mojgw9QDSTt8SyM8wAcCLSr5ImgnnlhxpYg
rakis,vh-NTHVvlKZqRxc8LyyTNok65yQ55a_PJ1zWLb9G2JI,aUVG67aZ3r0m3DY6nCDlqcUk4fuAUUEdOrg8ISL3Jzk
rahez131,lfG92twnpKQWqyGLf-romFKy8qkjzOJbYwRCq4QuHj8,GLdsbfUfs-NlRbL6X1M_yLj-qaHqi0V3o968mn9A8To
rabss71322586,WgeHnT_ToQedwTEw-RMYou9Bj1Sc8W6OjCGyrqxyq90,Q_I3X5tT8tb-4ykjEhhekW4xuawKSGAwXnl-GbGavAE
r4den1nemesis,mhJeINFvcvoqV7H6AO7I0-jbLhcj4pBUPizJ03sYWts,GjuIKrkJ6K1z7dqsLmd9HaiDCZSnHYW5Ab8nXiWJcsE
quantaindew,pG8tOsUrlvxgHAH7FXBXn8chb8FW5ZXOVKRyVF1wr2o,Mcj3g7nyqqW2G17b_HPISmrA6E6jiNZExudlsWm9k14
quanquandeya987,-OqHWWCY40xHTZwiWHDC5AYFWHyVi7n151fX9VtjnNI,BaCStG5V9MsttcbbB_3okb6_dA-00A6w3v69vOd6Yjo
qualification,X3pJeD4jx3LGoWV0vHDTNiHimTpw_Iu9g_P8cjcC3HE,kP_AojTE1yjFwzarGWHCEmRP_nJsi1LTUUxxRj0K9qk
qavurdagli,BIa3UE0QEPRJC4HBSU252qHtA8ZOR4ClnzBq1LZQ_WU,oIyIchYX83hgf8S7SzO5FP3cM12k_oLWSWwk7Uw5emc
puss-in-boots,qKsWDg6bKOUKKgCijdx-wRf3iU6grmd7_zkcXdgYs8k,A0u6_S0RT0qgpg8zdJDYxtIb5X9N2jFLmBzCD9WBMe0
pumpdump,atkI1E32mchuz_nl9kgcDntECH0BOuHJ1FBgCvlcH5E,RQPaYUUaR3DA9GhJT_vs3viYitLUBwW8WYXy-kIN7GI
prowsemre1005,KlJUM2TsHgUI1Ih-OsorF-UpxND21amAEltukFvotTo,GjaoOq9TA7Tby6lPveFxLEvD0VmPXC-wecz_NDbcFEg
practicers,uQmgimaXSc3qeTYRjiqj9Nx_GHfxdTWMprQuyRawnek,wbxNS7xv3-5pozqk3mHxIKw5vVLYlSJBzc9h0GdxnHE
platanoudpowerd,F4QZNzPjb3JhP8W5UUtUdKzacZF1541j9qLDmV_pFGY,IpcexNnS8RLcEmDih0DYT338MDBE0UmF4g1bNw9YINw
phuccccc,KwQNbaomlFPvuEuJL1TAJQtqthU-JsJU_qwWD2vifhI,ncve1vm6sbYbd2_qKeC5VoaNqvPUf1rY94PLXdZYDfI
petrasnet-slash,FIry2ZAoEZ-sQzVK8Ey8B_G1VlDIiz6eb_vBU9Rzjj4,QJtqO-Muq5U8EsavX94T_yvmVPzTHSmwovVLmE1V3kA
permatikemal,oMPYwABoGMcrvLAy1r41ilZD5totu7TGm6JuCkW7bL8,v1PlNdwW2IFvcNkWoepU75A7rOQzqCB4EQdASj3hhV0
permanent,AKk38G0YfJILtqzX6BDhMjkR-mlRUQgyxLwiyvpiZog,NWixbFFQLFUeM2lyT0lxktGMUAvtdvZYzoOOa_Iv9_o
permanaut,JcC4ZLUY76vmWha5y6RwKsFqYTrMZhbockl8iM9p5lQ,r6UqdcqaP_jd-y2j1ZaM9Z4-muPwOLTKJtJAm9tyDtQ
permamusic,EUKgzOpPLotdWme6_HV96bI0bh91tIOSSHiGIpAJu2Y,2fOo1dYHuWEHGTxAi5x99LZv3emNqZga924G5A5ITc4
permagate,1H7WZIWhzwTH9FIcnuMqYkTsoyv1OTfGa_amvuYwrgo,Y-i-s6ZpBbVQN13amlbyQnlw_QobKyVCzeS9kYedWtI
permadao,aXGCE0cOeAT_FuQrOJ6DDUk7AzRgZzvBrnBCqA4di2g,iZLD6HtiOp1cSWvAY8GlcQJGhXtj5JqH0mIDqQlkL-Y
permacast,KG8TlcWk-8pvroCjiLD2J5zkG9rqC6yYaBuZNqHEyY4,GB0_NNt438AM817iqEgJn6x4QcRbHNzy2fNZaTPLYkg
pergikeluarsebentar,1JXtBsZ8wP-4lIGpyALpUTxBAO3L1sZor-_k2iJGpZg,-Hiu9qV_OQP-1xMOZhTpBrGVT5vwwTR6gDBtgxA51G0
penumbra,sWWTjaRxAd1vi_I6PWboKjfmmgpwwe_KXZjStYLYGv0,4qXy-Uaxp9ey1Msji9rdr8bTX7503n3w_xB20Z9lAlY
pengangguranpremium,q1_pP_1coDwYCmzWf3wBVWYLzVdckApt1R12ypja_HY,3I7QcNhWKExbbeFpAywtfama6kqxwod7bUTiDytjmnI
pendekararweave,z7yGq_DsXX-riClc3wY8_7IiLf_eN1nq0h3JbaaYMYM,UBKxV52qhtbcNXgTpQdeOaL5o1M6Ow_kNatMV88oXCU
pearsonlucas,h7wP8NjoGkJTdLXC6kwS6fLTNgfeYbZr9YoED5NFQX0,TKaCraLp2kvPJm_M1goqRrId-9UBIrER0wMC0Z09jyI
pds-testing-6,0xdC6F1d2429b80Bea66d2202cAc5cBfCAC659F9A7,dkehfLRsw3Ukvt9tmHEjhJxL83dznGt9X1AFzRoYi9U
pbmtk365732784,J6tgiJytfN659SJqgOyFYK1p37OE8elszn01B9zj9Sc,3FJCZIScOc15aq7BCVyeEvdA3ybbo741lw9MEd2Qr-Y
pay-with-eth,1oYm4F5TxqM_5V-HKzI79ZQ3a-UhNCXtgUBT3JrvaE4,WZPHNVW-QkiAkVVsinnaoubE2gIe6e_yRGWeQch5wg4
pavarotti,8kn9mzw4HfbXven3LjTTNuRbtkKwWGz2dTeK8B6DhnU,cj_rhVzulQ7txA-Ow5fzoTkQcxSHNwLzJUtZmJ3TI2M
paulie,u8aIwSo3eNq0ZqJ09Zo3xtsUw3gF8ttnMzwTJEbh1YA,kQUxCO9ePklYYH_UwqPjnqbvkpo56PCD8z5U28NOWaE
patrick,71jBJuC2FPubKtv687Q1kc8ee43l_a_8D9TZGIgShzg,yR34U5uJax2kIvoz09uLxLF5M-UjY2EAYaEy_xv4vqQ
participation,nmkUXmwchVTxki5YKg1iarXBwbG70Xo4jnXzFyrFYKA,xs89DVMUR7fsUdJJdHxf8CJBBQkOX7uEQONw-cUBevU
parallel-computer,xb428aCfxuOFaIrSOBhh6z_TIowwH9p8IiHg_VWf2FM,uyXg1PeK2ghgh3a8_Z8ltHTlu94TgVhj0-NCqLUQQSM
pancasila,Ie2wEEUDKoU26c7IuckHNn3vMFdNQnMvfPBrFzAb3NA,DLTkGW7TAvtZ1_Un_kew-566X7v1GmNJ51zz4zkQsqk
p2p-pay-en,X5bCGxuMRUHQ7g19xGn-XiyE6yUV2z71I_TWUyLNLtY,0fQOH5a0IYtNF2gVheJYNqgQtrPGDcGXQIOfGRzpwXk
opportunities,UGHI-fr11OQ2c0n1tSmi0_taPRAFHX_cKoTKtqcQOcc,spw9j5fnowrBV0syredcvsk6jJwEv4Ok7fBxFNZYBnA
operator,1gQCULHEJg2dryFHqRvqHpy0TYC39xu0Vm6XImGsJn0,Ji1bIMlsEa0MNrglYe1twI2CCcFZbDFAe5lAEeErACc
openzeppelin5_openzeppelin,7QlyLBmlWjaAJ2pfT9SIjRAW8K2GYUrMoqbYPZaW8eY,JLuikFf0EtSIfQVHbg5gitNwW2QTnJVgfNtogK2yc6M
ontheway,H7nSLshKt6YwH8C4xuIB0oXO2O0KThAMamQgUmIRxvk,A_Btn5nJNRayb5BfC4OmCbynMwsB6tZ0lCKA5GJDJxY
one-epoch-one,J2AARe8Jzi2ttgjDWAtHLXgdd93psesyRUuvg-LN2tg,D0Um3AZhPSAEeHmgqUh-KJeGICHgzOpClkkh5kHAHwo
onderyazicicrypto,AirVjow68XkNiSrk7dai3YBuifXxFdT8RMbNiYfzig0,qtVocXpWMcwGSF1_hdqsm8H2KB9EhPaeQ8JKb3qx23w
olpakmetehan,U8tv0J-4zD3wcned1pj_MFTDAYNdlstkHC2k_tq7bFA,20VcaQxP072JLTDyGMjd_KwPd4T-1fExF7g8teyCN2w
olmazdur_xn--uykumvarneyleugrasyomgene-90d,h87HVSyMj3jab9GwOYQd2ZYVARcF5EJTUuXHybD_E3E,ospPOPO5qhei9FrSXo4PlXc1RenQ0zsEzkmVMMSnvpQ
olaofweb3,Ajold1A0j1APxYr1WPP5ZAT8y8iV3jOZZE92s8GvXJg,o8xjCULovxiLLnEV3zFWm6gYXkoS7u794w0wzN2dodk
ochok-collection,njx63gYuqdLeVghjgHiK0Efh0GDBDdXjCXS81z0vxNM,wIz_lEFAIZmsVepVGfyLtAWuxG9dFTN6oun1vQOmrU4
noriavalidator,dzRxqsh-fXkh2QYogPzsmY59tsNSRZN_fYhjLqFeung,-etAAcS1-F72g8nJDchdf8Z4imh9kLEN8kGRUtj4UjE
nodetester,llpFQs81WBNqU5q7PDUnkkyzgMXtCOcqyL1nTvjKngc,JcRQe9R1juvoMi4pLRL5XlrQ9_kwBfSXVLdUxAy6znw
nitinverma,yY3-QkXaO85j_1AMKiKu3aPJKFwSkxT3F6UW51_Wgx0,KlvRK9M2de-r7KTqGgRUfeh3rLIpdeX-PATbc1jpRqA
nijarrr,avsAuqwPK_W1CKOWM4Cgwmnnj03CDIQC8RmsdpNjmL0,5XuJU7T36KSb_4wh-rOfcM4Z9BhFBv5gFhWjOWUCmfM
nextjpeveryday,30XQLNG09WHDVx8nnV15FaKrbShShmSyODN3ummJHOw,RD9kG10kj6EBNQXY_sKfnAFl8EYy-j4a0xtck9W90zk
nansen-sec-new-up,G8yJd7E2VMs1c1O_pAxrwCHyXg6v3-6OlxHX-Hr5hyM,v0ei5tPUHMEOdkq08I1g33jcvSuQgSdQojCIe4q-OgQ
namesys,KuHzpWXWMzjisT2_XaqdhRMvJSr7LIR_syw3CHSuQRI,T5cjTiwJA6nkkycCHkG6GXvN8kSAaSqNTRcv4Ozdzug
name-changer-inweb,3RD-ifJlte3mXlRU9ZpoUGM6EAii1EQlavBrJ79jEeU,PNgsLC9foI_p1TOcehxwRG0zhMHKQ4FP3g-RE6RH7NY
mustafakaya,LY89WeNXvTn_NFT-KVV6HPcPVB5qpSq1ug25TScwlq0,dptpfjNQWNmebNoaPBBxrruBiOcS2De9aHcL6Ns4EKA
mustafakaragoz,gE8VaAgZqwK0BhwZ3RvHRZEdD_AAHDLIUGKREdlej5Q,UMMstZR2hiTQnE67rEHsu9POGB66_Ogo-fMxRVf0eLo
muhamadwilliyahya02,OUJRa7Rikj362sqWmMe9K2_yBkE33fF2TpxedrOZUsw,XiDp0Sc1UgKcx3TRap7Ng5sQ3kgDgTytn_37N5Rdalc
mugglesxarweave,zOpbtbvFuL5ZRRAOcxszMAlhNPwuz7q6rRKMJGqR9wY,QQFEtKzWaVkQUPSxkg4EQszb-PiT8LDK_pfzD53DKbw
mudennew22,r6NyQFsAFJzLG3ABGYrykOXGrHebIiCJBADLPeHOV2U,iZDfFn-BFqKePcHoVo3Jqx1f8aEYCUuQMZbiAXKeAAE
mrcetin03,pi_PVyBCifSZfwKG1v2BZs3xOL9nVitgw9VK6b7HmJw,krct91829iLD-0JNu8KJOA5QpG7hkapA_BbVlCrA_Rs
moruehoca,KjdFZRz3XfMu2E_3KiDuqW0Ye-K70Kr2gbu8Z4S0Ts4,_vcLoXv57BrrTCW6pdcK_6LI7XxWxhqBKS17WuCv13A
morlzil2,3dTBoAtr9RA0DhNihHvcbInbsMO9nKscXyXarQ82uEM,DyML64-g-Zy2aVtHKt2VSoDHPbkCbP97VYFAtOrKgtw
monochromatic,MbCZds1rp6IryDfkAz658FML9rzCN0KWhWS7E05chHY,P6PB3_Ks1beizx5_wY69vNZPu8TZcVgHPO-2nnbDV3o
monknode,p-ThNCBk7J7vHsS3JdNdYk7BLbU5fprDmKtrtyGYD30,KuXDEa2ARYweGf5d6mwU8iBvqrJ-uMpiuJOvTkHfzwo
moneymindedapes,1GRKSKvsHj-9XPzb-CejeCIAQ511Xz97QgX598sB9FY,kCdkNw-V8jKS4VJt5zXnEFMKW-ONnTO8LQh7JsORgts
minimaljepeee,6yf6TclZWaEn7fDCsKrVxnOrob5Gr_HRMDBCLbuI048,6TS247Jq9Ae3wGqQ-8NKR2NyjeAwe7vLFwHc-Bl-9-c
minggirlumiskin,_K9NJz3ZIwc3W0913koNgTKpz3aDgdifF9wvUJ9Mpxo,rK_ZpGmUKnnZUBabRPMD2PEqtNW2lcj8Uaqm0PFKgeM
microstrategy,YRjV6AnFrhtbRVioQBAYDVNtOc2NCApJBRsJ79VQAP8,_Q7utPs6scxyj9Ug3Hih4noA1PzH21HaPvhZXfPmaLs
metapaths,TwPY-BkfiQEi_usDlYiDA-3lBoTv43Ss3Kyu5kqqB_E,WtdOKFeXCLPbl3QESUuICvKdiLLlBTp04SVWCQUC__w
metamorphosis,Cdf0F-EetuksZCFCRIyIYL34SqJbMLLotutbOcId8kY,c48o4BPW96lyrUtB7kirOKSwnVwapEGjIg9tJMRbYks
metamask3_metamask,zf-IJDxwtGr-sTgQ0EzKduystALX_uyBRn8Zryza2Rk,MGxmSBWY4fVvg3EahyUwPouVMbM841Hv6JjT96jN2Hk
mesahin,Z7gvVfG9n_AXsCQL9hfpknYQawYR30DFNTuBAzWzoOk,34A4pmMWbKlCqHOXc2waAv4EjQLdEqrWQmmH5HF9tzg
mercedes-benz,lV5S1WE0QRCzdSx_L70dVyW5zAM3BlT8nMkUQit9wH4,Sk1kVZ2E-DZ-2uQp_dMAzCqvr4XbYNxA_JwQ7heUdzk
mercedes-amg-gt,9OaFQ4qvhrGKnKYIOGP4zhfVAjyV3rhseO4eRMk_B9k,6ddqd6Vj-RMA4j6T6knHekAUenW_g_v2do5yR0s2Pm4
meoconkhanhwizardpa,hhdY1RAnResVM9EE4hLqg_EKjeufOycH2G_Fifc9oIk,9u18PNW-9mnxgE2v-kTjoDbbyEDSUc8l5-gjPeiWVXI
memecoin,TbEyj28xcqJBw_J5Rb6BGOzo4VhT-Qh15VMFul3FtTw,eynowCav6XqDjlIun_2fJshaWYA9xYW240UDs0LJ22g
memeathon,HF1lvOEkrOz-caVVb9ZiPD5v5G3NGfbhV5QM4dmEEF8,o3dtt9-rOOvIN6OcL_tOzGAs7Ngo-dUfBuculkq-vMk
megastarz,G_F3m35HzEyHgG9ZP80jzZk_0vGvxFnDvfWjp_zthSc,s5_u0ghdkiPxYOYNqf8np9n3lcqdL3318_y5S6V3TPs
megabyte,FDUH0kZ9McNtpAx3gXTQcMR4dMUTJ1fZU_10JM1Yw4M,2IbqIuJYQ7uu1-l2AC5qhVmFh4_OPCZiOoVQcKTWx3I
mclars,6dQI-SiSNVhzj1gKdTt00UyxSfGGVr0qO4vynPLDJVM,qEJ6d8aLYvUmloEdk5QRM9tH0iqKd2j4D3_IlzpWAi8
mcdonalds,5H25Zd1coB1LulPD9u3DUCSR3I-qfynUNC_fjQPOXLI,HaFvoBXEdBW6dK-GhDZ2TjGfurwSmi6AQhBNC2y9LZ4
maximillion,YYosXQmkGX2hJSGNy0RQ1qV8QHi5DAcP-YknjQ03o1g,CAeKSChVEmL3JrrgRozmMMsYg9dwi3xS6te8dV4Vm9Q
maxgrdevwallet,lV2th-gtNStGcl3sjD5tAc7TNecY_t15vNmVQXWVaPM,-cJ8ZUcbr2vm4otx2Brz4E5K86bmcZKVASmJEGwRiSA
matrix-arweave,ITxhoNr-_6DDoRfWClybttIqCbgc9RtFyNxdltm3QXg,uoEaPU8Qvn4qR2g5v_kY0xMni5K-CAYXJ9fogqC-ebY
matias,JNNifa9nCmIImyuiRyP21Td9CCINrtQV0dALGRIBfyE,UCGNOhKFt4VUYq4Y3X4efBj9gr09v5Xz195GZdsS6TM
marton,ljvCPN31XCLPkBo9FUeB7vAK0VC6-eY52-CS-6Iho8U,oC_enCvizhkBhh3534XjKgj9MSCe9UNXCTjmFoYtFZ4
marshalorange,cDa2e30IqCsM9nzFtwKcj1pMq0nIqKWWsAQlA6JSSf0,H5xdR3PCiWFO7Z07iikYfYQeq_YTtk7V177y8TVZNag
marketwizards,TDChgc6sjQY7BbTszGb8n4clU7yI0dvCEOuj3l7Vua4,PrwM5uTJO9o5APiJkAk2J_ZGThnyXF2FMH9laWN6PKk
marcuszhao11,hv4NIWngChaX8TkmyTdRS9CW1gquds3u9NlVoU9W9KM,7fp5JOmDrbx11xWr6GDF9OxOqdZaM107MRfo-nlakRE
marcus,RxXveA7kNveQbhzPiidvSybP6ikwMYMzYQW3IQ50Xcc,qQ9KETZjVwVQN3Zcx94gZeNZdox1LtD1qJm-q6ob78M
mandalin4774,cSSmABifu5RIRONaQwhE4ZfKhIkV8TKE3Jh21L8aq0c,uL5GYXnlmTs8YVkG-HOUQadJ07Hlt5zk0TlhWRi05gc
manchesterunited,yVB9IYRpsRQ6ogLV78_hkIFfkLEN85rmwjOOAV07XYo,qdiy8E99dYQlJBDwvZIDqy3a5sj8GWMWHVEgqAfM7DU
mancesterunited,DMriGlVYkv80QX_1om1w4aU8VVyatEnwT8k6jl-hAEg,xmJGKs6WQeFMbTrKDv-EcdZKE0q-x5uWmVNkgMrzJZc
malikspectre,59KjEzOT4NXwMCL1Aq3lvOFwzDAi8qmM3NJreZ7EzPU,ZRsiBSm-MFrjsS7xp55lbbTuJeYQpDKjiJsm-htJG3c
mahcubyan,eiQ_BS1Y6B2OzKL6KzfDQYCOrbPGr6Z7GMMprO8zMmw,ctrsI4Pkh1tEqnmW9OVmT_KxpMU3Spkaqw5Od1IOgMw
magnetar,cfUh77oKJiuJW6wbAb999RkN-lMKvX00PL0KKbvIz-0,yndmdVTe7Za1yODpEwQHXkvrZDJcYwuf5_ggzKYbvfw
maddhouse123111111111111111,xoPfsnj_2HnFStErTGLmracBRKzklWgPKlPAhAAAnzE,ZNeoh8eERHR4Od9OcEciI-bd_957-TonlAnduhMT7M4
maaaaaate,NlNd_PcajvxAkOweo7rZHJKiIJ7vW1WXt9vb6CzGmC0,muMYs7k94k5oH_Lh1aPG6j9GpKvoFrTITddEYQSZdFE
lynchnodeonarweave,wGUTM7jbDykpARYG3ftxlbfAkyt-swBuBXjvSAmOBHU,E59UHgiausMapKhIBdMYrL50Sb61XAwSKtw63WuGnbA
luckygay,9vHYzKyA_ZloM-UKImOp9qA-Ozr94JPmNugA8Ro2DpI,uNvgJNYQFvt028AZRoHIqmKPabj8uS6U4Cc1kucTJCc
luckluyaaa6666,ONvDmeT_GmSccpRuVAwZQPOWf7FbivdpvuObApnL8z4,esXnB8b_CMDS0sQB48MmlAr9C2fnHXZ4z7G2ooT8k64
lucifer,XOXxc-49xz_ElNmMed58mmEn-rn-yFEDYhEsDsPKAwg,idza7pnEXKJtjdbi0Bl1pEtVtCm9ZCq9v4idZFHinHo
lostfromvillage,DN1mbkocYJ0ZQrQRwgBzB9lLfujGNex2YTZtMTzq3Lo,K7dcijsuccVSrVm0wDExaUbIZgei7SY7Gp_NbU2W-oA
lorento,lQ1e2TNADS1kLJy5gUTW2GS0s1po6s3GI15hHsgNKks,OrKE_kBUCI2mEHTFxpv9crVkz50trdTJpFTeDd8DlX0
lordoftheringss,ZZnowO8GarWrEGeViKqOIfd7DR7FSkts-ipwptFk35k,LWH9d9pKoYN67A8EjbO8hy9tOIJIxZROREuoA_gsZTA
lordoftherings,QGLLO6zhAHMzZ3j8WnZFJA6DA1S9nICQ1oEd9HmWRqM,pPN9EVfcddX13beOM2lGLT34uRDqReN_DDfS_QSBqWQ
lionelmessi,2nWhRvIa-ud0HUhGVwbYW586UD6lvUEg3MQzeRMmvLQ,71Km3ii5Udi0bc5iL76wDcwznbC4Zq_EdQ7aQN23H4E
linea-build,AEoYK00LulsXumZ37_8pPF2_E7sRNsOlzHNwEaCNCQI,hsXQE8Vt5ieqRPqoAOliLlV0N1YtZGaJl9hYe8Z7tA0
liliya43256,2e8XlLD5MaHQjOQDn_6BjtI8fy7Xqg60Qp8tOmJvmCg,gd5FjHq8NmoEQAEimV-RdlFLuLvl_OQ1DuW8pQZj2tU
lifeofdonchuks,T4Z1Z3w3RMkJFY41Z3wWEIw84izuChA6GYZbExkYTuU,gCM3-XYreaEIJ-jSsdhZ23U9PkT8MEzIeO2E86L1fs4
leonardodicaprio,fQwn4SVGVh7-gPL_Js7-noRPaErF8q_mAj4pSzPRwg8,vfltmFt_bDIJZL9Zfbs5z9FDWkVOgoiF6uASaRl08KE
legendaryagent,mKGKCI50WtBjZP7AmSWS0o7oJ7c7z7KW_OZSBE2uqBU,i_apDjsUlajuBh6sP7nSaknOBcMEx-SOlD81KupSH0k
layerzero,SmTRVXlQvnv4Vj7uUmcDVErQAAWq9nkSxDntuEa_2Uk,ATmCI8rWHqNuXmEyrrKpogkMJmI2b3yyin4Wt7aMLtE
lawakgaming6699,QDJ2mHxKLTBNBZX71BBV0NSOGgoWI_4frxR20A_XCt4,kfDiRe9xtyS1GptszVS3Wf7mgJHaaXTq9yigoVzZDaA
land-of-fire,Rpc4mjiFROD-MtP_xfb5mJOaGmfsjkJDYyKm-EYjsus,OZphi1rURSFuEaL2_iFFcT1IMvYIaWMg8WmUHhW5k9c
lambuikgan,gJppj8jsZctjesyRRgB1-_Cw72KVylDV6DCPxezmTHc,eSrlrHtgOgzwp34YMjar9dYtTFPb9r5cfsy9LrcPA3o
lamborghini,I53cTBuBvKG-UgpjW4S4jGYpcwdaDv7-rTxHfD7O8pM,q71_XdESnJZ465YIEJRCwltcoNbgLuRUWsbEm_aMuZI
kyyarweaveaoarns,Rd-BNUoY2alYyyAK8SLwOQ86xyOGUQpAx8k7zUjYdV8,MrsyU_oYIBf_8BS0JKuNquNCzvOQiIGZbWESqi4v5e8
kuuhakuwantmomhappy,Ge1eln2rivLJNE9XYmWwzrTVKHsiWDZbLiBDPBOs-bA,jB4PvTagaUd4Tz5hOV8Rc_y_frATxB2CawGhQJm_hV4
kurtkauoparaven,WgflQgEWr9P6yJ44Wj6IZNn8USXRlsFtaD_YlEHDO6k,w1ZMBdWZazjzwmrBzYFJu6xX_9WE9dKQGkIzmjiV2VM
kuncikayu,1WIZT9EL15vN4CoE9bEOHs0wlNR7VPS5h8EBxJOKEJE,9GTe5NhqEdE8Woehmhf4z8BRm4tatPklBoPSycS-DXc
kucingbelanglima,TJgMDuDHLlujCXkq-W1WVPN9HmwYUfVlZPWip_U-z1s,38as21F-sjZ5QGAWA3i_aizekIhhNbUBHFV-eEGmlug
kubbeoftheworld,FhubSugVhmko8Vc-uxVK2jgedgiVHEdIM3Vsh_qiAYk,VbexFnf_tZaEQ7pAZAB3SYFNUXdERhMLBVW0BFg3Ce8
kuangyeb123456789,QIXl37-NMhftgw_XMJJbAy_uEYJkhgRZ-97BfEcHJmE,CDmNW-Hxtc_9gDh6okZfEGXDFkzO6saGtKjdNK6KdTE
kriptongapakcuan,up7Ws4I1R_cMpsChega6jqgsa_KpNnl2zhvemwUOVkc,LiXtKvote-bLnKUwGZfSzVwAL4HOEjOx1-35mfipmqU
krayir-node,Y6MvWpH-KGBsdmib83eiorjFHUMhkUV9HspQhT7rsjw,ZPDrVZjE4DU3fOCQebUT6TCoWHtzWuYkCmpOhx1yWKg
komutanlogarbircisim,YRdlCtlQmSEjpldzAHdbVwPLirekDV06ofrkmJJiXA0,dhpuWYTTCRCkdeD7LqvB3rMSvL_yPrMYMszllrDUu88
koltigin,EhkVW8-6SnOm1UBVI-TJH2Hsmoz9ppv1jQMRaSo2W_g,_nLCiwKJPZUFeWzu-Mj0y9JwMYVyQakR-ZVTBJk4T54
klaslanhakan1303643,VfFsAjGkxp6qVHHNu5QT99NopkoF_v0XGM3daN5g3Qo,7H2UjCDq3NYskUcHGQ_8is4fb6spV-i1Fa2Ezg89q5Q
kiranli,k5GhUmInR23Jt0I14A_EMFAtFHBCRSZyN7Ibr_2cY-k,jz6niSkVic_9NqrMkEni96q7WGlUV3NF6T9NviB9qic
kingsharald,XX4ssz8MKbXvbVXhBRl84TWDDwkkme96lMkjpL7IpXs,eOFb_B6NKe7ZEsRXDOaV4sGi58QbpgA3VwJGPqOjM0E
kingchris,CL6JYB1-MD0wjhidQj95TN0tqMbIngWnI6j42h4pKP0,jqlbIkaZrjbti3ha8W2xlbf5BIO0wK4xheycvY8iovo
kimkardashian,5NJM79YYrSZLKHaWqyFQcvHPB_FddUuk4TVQHcYeH24,Rv4LZ68ylvK-kA-GbICYButy_UMBvXqnaTyvqmqU_yE
keywood,kyKvqAVtJH_DNGItB-sHh340xrwqZN3AWYp06pkU3hk,TdCpgscfECmPtqHyoIjt77XnE1AKPAQPnP8g7NI4qiU
kendimcizdimkendin,Sy9DmT5bp3husLgY0b49nt4zhwHCDcatiD-BqbdPjzA,k_BcBlLZavCmh7Sm6j_-ePxdiKvqhjh1MvFAgkOcC7o
kemp,_izWq_r55uJyHnWi-GZJUnU6BZBf3UHBnwWt26ReLzM,7x_VhOx6EUDul9JSvbRbmDail9ZWwEjGRVvErSzF9DY
katewinslet,L16lF6Z1xKcnnrXYRJA5W7qqSTlJlvCL32PJwIJmCFs,03CC2XSRettAAQdpCtRPenkXyvrhcg1ii2XAPsjpvNo
kariemjoe,R3M-B9MxQroHoAzY7-Xeikxit2-s6f3WY927CgvJsh8,dXfKc_pkFzF8CdTe3zum_wwtPaHfR5lvJ9tRb_vf96w
kara-ambar-kamyoncular-dernegi,62ZPoT0nrz48iibZxt4Vb4LCPuSmRRfx9jQZQSWXHvE,jljYV_dwRizbXidIH-1WS_Nqs-CP2d3eov9xY-O5Ea0
kangliudeveloper,o2WPmYL2i2fKavaf8tykYGUm0bmH9L_6A4ZMLEQpkaY,i1YX0b9IsVWBay9LBPUN-aUdNLrb3eXa6wIS8UjFzV4
kamenridergelo,eSRbMNB_wkZiiVeu2Axw5OC9AnRV-zU-vj_WDPbX-JY,qBhQrdE9mmehclW5te8pcMjcHMv0_H8AYu7zjxent6U
kaixuan1233,Sa8HjW3SLTYUUAxZSvw-9JPqZoo2FOG-npuFuiXEHic,CjlSAuvl5E0OcNTMJjFNUmwVBVlmt58zijv3Xb3nMg8
kahvenodes,EUc8hlu2jMeMRC8rF14OMJ8k5jZ9Mu-eAidjw_a5Vtw,n9PoX_SyaKxDHFWXkf5UBVQln6EOv0EuSXf7k1ei5Gc
kabaoglu,F3_DMBJqgFJig5NqnKWKw3krNdk1bifNdyacdZ3QMac,Ssf8EB-YXut9KNAwXYDjIBLirCH-kRkps7reMYwTL44
just-a-chill-guy,_vceiMZsuAR2sie-qS-6zwbZY7n4KqXzREZtg3lYyVM,Un9TQeOV2xXGWRPb0DCMAqf0qtn6tCJxli8lX7b_0bM
jonniesparkles-eth,0x6B13a2Eeab98B6c0eea60aFD4c93910763121ba6,XnkXjcWWNIaaHcRXzNpH_4aToCIUjQNqbILzGcAjFr8
jonniesparkles,OU48aJtcq3KjsEqSUWDVpynh1xP2Y1VI-bwiSukAktU,2jUyfir0FoHGlyoxcWCk7ADZzHQoMOEBNKPRMnV49Gw
jingwuliwawa2135,NRb17gpWRLbm7ALNqk211FctvmMeftFiImCsUntRWTQ,VdTHP687vzq89tuxtH9S5zh08t3j1fY5byUkaBxnFek
jiemu6666666,qwv6YhQzoQPdN_7MpXwmKjwV51Bx8Ygjv4pYkxIcM3A,vsI0p-cpy57ZPhP9lseOpgnSJZoGpAI_sfRwkFdM5hA
jiajiajiaa321,pIjhFqTRhUnC7wnWIfyFbOpNOxBNlSaJaaTrrRnegXg,KVuahY0TPj9PYgXc5ACilIjbFNWZdz3SuBDmJDhJ15Y
jery007,ZJGQBM0xFE6eCOvti7HzKk9_Myd3WlzqPL3R0LoE7es,wdWi_CzvaAGmP6mG4OcxslcGZtIrkZiy2bAdoDTakGw
jembutkucing,5sqfubD1WdH2zrUcdf60uhXTofOjiJBBo3-wvV0z7P8,owFR_8rlaDWShza0tUnlXr7dIgBa5aNyonDpStsbDu0
jdvance,IqccONP0V1YklOsFRaf0pXjhJM1hHto9fvMHkLFTgdU,Zn2EPiCj0RQklcSjJQ53_WBVg-XUOBajLJq4s9kCzgM
jason_jasonderulo8989,Ux3EEZ9dQ3eG9VI7HQ5oHsmvB33ubQc1cqMYnhp7JCk,9SLFT4gfkGFCN6QFCbBpagrrIRm2k4WuuxjZvAD6SBI
jadenscpx,AVkBqJo05JnqpSDyoqXshyiOre1u94DSA9w4cqJV2pE,PJC5tNNDb7uBzivSOiRuuIULEHQvg7mw8Oxnyvnu2bA
jackofalltrades,WvGQmZYSYU77gv8qFPZIQsPnzkmsjaRoQ8S1x8fTh4M,a5CJXyfd34nCs9dWOC0gE_reAQw-0obmZv3g2PmM7YQ
jackobearedegen,atLbMMPjRmaEs2Gq-tdnIsJo8wV48uNVRHa8LjunPws,v3CgUIubpj7D0V8aNVWJOe9jGQuq14DJ6Xfomj-9Fw0
izmiradami3535,EDvh_Nqt1-hs3gN-3rjk70GLWzddpvZoViQ90-p7vms,LqRLk0oaDYg_PzTssxxsDQgE2E1s5BZw_vNcfS3fAfk
itsfiveoclocksomewhere,_uJPiyswvBunRS_e7mPebqHeaY750SMBrga-NyovhSg,c5PxPbF2S2BQ8coew_4miFtLEwrMqrtW8mndZ-jtQIg
itseywacc,U_6bCOStq4FQYIoPnxdI4WNgOMUqGBZ6qX82QWIQ-xk,PDNVlqAIqM-YenXRP9sDHjyAZoBmGS8Mg-JP__wSn7I
iqballahatoyi,aVaxFl8Pu2_VpEOPROrTPL3JgIeGJNJ6LWc_1lVTvIM,XmWtQEqphd5ppM0AZNnr6soCcY-gMJ_ZzilN26mcX4c
invictus-rabon,mSPKIDi-Y7TW3H5kIPiMV-JOxsnRcrqcACDV5HXkq-I,XTEX0WRQGHgZ7_3qUE9m_KSEVLa5tCZH-EUxfz3QI10
intravascularex,TOiNXcDn8JSxssXRFM0L70E1MaNMycJds0tBd4Kihfs,XGVPzVYwFBkblFg4uI4RYQHlgqTi2B3OCYK3l53L83Q
indonesia,JiXiLwTXFXP0hdfL3gyIV960D4sTC1Bk_KUO1P1-jv4,soqaSNvVUjzcixqKLkbGCvWekGmxRhAvniO0ITmYaqQ
ilaybilge,vOrKy_8JvhhIxzWj7fe9E59AGKVi4Jb6YfgauAvCvxU,pYba_lchq0GiMxEZVBcMJH3iTom-kKFd5df5NJlT2TQ
identity,znu-y0_nEtrJSaaNX8rXm8o5G56A_KYC7SQDZXo60fc,eKHzTPqcZVssdIA5WiMnMvjdqdMLjesCKobRjaSYtck
iamtheshahooo,ZZP-pl9vT803jTk2kcza5ppxksxtyCC6JIQofkiYGkk,2in3Mwc4Sb_tB7mx_enkQzBUDrRRjngkAyU6xTvJZqw
iamhodling,TEHjbg0NBCTOx49dbFOyL7v-ljT3LykMtsG4lGEfERs,tBKr1fZBUVhAvmyDIy1lg--Zlw9ANJCX0Ir6mXu4YPU
iamcryptolog0x,RBTNdj2oUNaExlPMId7kgWv_wXC0qsgGhcU51dgOKy4,mCP5G71tI8-t8LrEuTYb2Qz8WpcPNxRbpSyMD7I33Zo
iamcrypto0mega,qD5VLaMYyIHlT6vH59TgYIs6g3EFlVjlPqljo6kqVxk,8uDIjPGNv3Psn-zElZqK9L7Cd2pV9uj_0VsahCyagOg
iacceptmoneyandwealth,okUuBV0Yc_CJWji5a0TjpDqAdS2tMHoP3ubK4J8pIzw,qXfNP6TdKHOBAq1Ek6RDryjHZra6kA-m39gX-mwLt3M
i-farted-did-you-smell-it,R0IPcVbibRhIgo5LvwuzHrFj4-u84ii_zf-mMJkon1M,xZahB6clfGp53UjtbtaP6AuiB1s0PhblRyzQmJLkknA
i-bought-a-potato,GtDQcrr2QRdoZ-lKto_S_SpzEwiZiHVaj3x4jAgRh4o,wKwYtHxH2LU3H79i2rYi-fzDCLkFiGOfWmoo7a4qzSo
hyperparallelcomputer,KkVsvKvzrtyY8tkQS_r7VNozRuRJ2tj__2pmj22zxwE,31qyCspaSOFMyii7wGpyPIs9zWjESIgZJa67SQXWVAE
husoarao,XKYk26stm-7mkRuLXrS5tsOUsL13EpS5Lj53R2niNI8,lHMmD_1E6DHCJyxWCnIF1qbgA1_SAzyy4LlwrvaBVF4
huntergemszarweavenetwork,LXxeW7s2Z7ISWqSSDiz_QOOr7cLyYQup0nOYyVYk0jU,V2LKX-NxonHG1ZnIExGRcZH6oCD4Gdlqcy6T8rjsSus
horizon,9KxuVBZJS-cxKwRa5MAfvJVy4T-KUS6UeceLsbvV4J8,4B3yz0ace9611PfBuNY_ROgbvJB-x0OgGnJh1m_jRGA
hoodrats,jt19WluLXKr9lcostp_XNmXRmpdxM4VwmXbmyDLoyNM,NvecPuByR5W8NXSYI3q-AmBsgEtoLSD4IGAUG45b8o4
honorificabilitudinitatibus,vfbxK5qdcmf_3419fz6WSFaM6HBSAQDG7V6ZEdrBUQ8,zLg2WpVtIKGnKno-NRuFu0IG9ZfgKXO5i4k7cw80OkE
honghongya,9dI6_y_QMjYdFkX0XWsjBCDHqFuypvhU6B87n1As154,3log06E4MI-EmUs_q56GJ5ZaXEYbSiDGZo59uhsO14U
hollovman407046,Vg9mM2D8K-MQzczsyL8w09gMBlvH19LRvzKOmBgy_ho,A8d3s6A6-9E8DkRZVOZED_cg95Zr6n5kbb8zCsnBDqg
hokidokiarconnect,uw6uEgV1kAqDYCuvy5WkmYr-ZtP4c-jmuOqo3fix7XY,CGDxbBn2Y-gaUs3geR7Cwj8SrhEIUxfLUwKgFSvnysY
hoki22,amBMIF3xEsoKfmMpYav44ez71dzquiGj7xe0cH_6pu8,GUW2pyeFE9okgjzPmuy8p5cm_EuTISAocf-TJGdQ9bI
hlltktlwebsite,adJdVInjVz_E8lrKbt6bQppXuauy5da30Q5UNwUIgug,PX7U4Q0hkgVadcmMCnf3qovfbe3MIWnsRdSgUEaE4gk
hi-im-ariya-acg,R768P4kyJStfHQc3c7emrHrW4844S4-o6pb8i7jJ-Cc,G__3YMGVUmb3_ITUTN8s9ra_Fed1239WOrmRPOYEcIA
heyxyzalwaysearnmore,Hi9zN5znfjO87YdLHu-amKGivvXsNeTJ0XtwhZn5NqA,c_qynaHuz_7WbeUvsQf_rg4DavFYems9I9enSWXYsa0
heyibtc111228888,RP6XSH_W6pwEYBsDyPAXX1G7__Q6AFF7M7D14D9ORkk,FVq_mcPFooTC-gmksDshWB79il60mv4lEicSuEBa5aA
heygoaudio,s5rsm5S3YI7hPmsdFGRViTY9uiXWXQ64VOey5-dNngU,BOvHbqyJJRZK5ryosrw7DN-HSpXpTJVUWWjrG_j48Fk
hernianjani02,SqcxYHmEccWIN9-dBG2TFek-oZOXOyUYynxXFQ_rvTk,C9TN29gY8c6q1nptPpih73Qd25P8mO4xOEtz8mvlDFk
heisenberggguwu,ODPiAgg75lihn29j7dRQLteWvU0wbPizwoxp7W9KMS0,1S7i2CF_WiBlrrWTO7_pXyNQ5eXpqZMU7UBYerHRQTE
hebine8888247,FBMFXtEphNPG2sRCiDDJWHzIWSKzvCSeI4rW6nSFE30,joh8KhkU5gzxx8oOUntsB5cox7enEmL9XhH0Xz1ZrYY
heavenforhumanity,vBDC_yCsXY9KrM4nFy_ngR2aN75F85650lJZnWH5tEU,PGA45S2xXzhyoB9EWgurrwPAdfKtC5WBV8l0HrKvsrw
hatsunemiku,nJp1Kom_SHOChzwKqbEYrFvZ11V5MBJY0GIq7IaoQLs,gYVUsIajhYJaeQ6qq74SEsMEUnMLZXOUkBJ9JKeJxjs
hanlinxueshi088,DD2s_0ewJ1EX6js9zLe6IQmFhFmyg67WwwyWoR7KQ8w,zOsPSDCme4mhA_NkmQw16R1rQQ6f9ATvy-6gVw0HyOE
hafizahnuranjani,OxAqQFEJNEFSa3RFKoqd68Tc_GbkVcpXf3H_N0OsdVM,8OmJxnK5JZYHMBib7WFv7hf2NOwX-Pf4-Ofz7PNdWgo
gykon19890332850,phLgBvAOKGzNhCLGckNMT5spfTb-iH4gT9JHPkWBmJI,gb1myTVQcP9frk56V2Q2a5fkIf39FuZ3TfmtWT9l4xI
gutyv19860334302,idACf3bhzA50oNzN01q4pF_Q6969gkysm8ZFOWtukQw,zDwxCInzGN7wrBLolCXipCr-9WATBTBRUYGw90UjY7M
guessing-game,iap-k1HQNUtkDLDooVsjQVg0FAWtudGtVsTSFQ3nn1o,CDEkqkFNcGguT9P3KGgspjT0vfYkHpZyO1Fg6T5b9gI
gsyurii9085464112,mn5EKfiom87vzK9uBAqdUZ7wnpvKzx2vqHdYww4Sdxk,bfXOUMR4CL7WmRewWpa1v5p8jpfHniSG8K_2h9iMGc8
grenimofatih,s91BsMWRi8E4Lkmx0cjzwFNxTnlKjX6ne4mJ2jdMjHE,7SHzTvE767nRhQbO978wnKkgdxRLk5dxpq8IZg8_UGY
gowthernodes0,poEf9stfLReHm8BNVfOCpf-aMSp2nrqjAnHZpwvHPxQ,oBAd9RcvmsM9a8_TQGP_nlY3hiESPnA_UJkNtBmgsUY
goqu19750325665,5VME_z7MY96N-1v8brCAko08ljiMEdk0Y9eEprAIGlU,_TVaJDH-R0P4jzKvIn2uBGqHV6DmJ1Saz0FJIIxCi5A
google-chrome,d35jo8HxbeEwaGY4C_EFhuz6HiKers1_8fRfUTJcZ34,YW3pqclPXUslJ9SrY478bpAwMLk_m3ARNru_KFb_cnk
gogofaster,jSBSgnszgnjQ9s8k9_ldJxRbxtURdjXAwx63NoT88Nw,dV1Y-o3iGEGkyhulKsnLwb8hmyqVt9pq08MgTQ9UbdY
glidermancrypto,27vY67xnvkJbrCh9_ebFZqqO7R-5DcbUDD8p565uVLI,xN7ceTHKLJBcN28TUNolWnF4JxpbYyMm3fOdBc8BKI0
giveaways-nord,-RoLb3VNNfLB8L1C1odwd_nrUaz9vTvXZbfnBss1RTE,JPyM-BkpOIXR6jTXHp9fQUpreiMbmSmjS-vpCsEDwTw
gitest12,VBJ1MzmtU_LAzvVSFmdT3fNpSDXJ0Tf1jEYu3hwcBEg,_9Dc23Y9czR9OXcfJhCTc0NePBDrX7o-Rvbe4nfV0o0
georgewashington,DKcebnfgC2Df6bI4Q8Ew3di7qNMki2-a5zex_ixBr80,iYazkkIFTFSBdLhpcrktnphhk4ndgapqs-zSWev6Pik
george-x,EbwFVoexbEkGooCgcFL1yByrFVrL2q7zz_rh_LRH2sY,bR4E5ucUCGHoyYwiKfMe1VoCXqej4KuzonbcKc0I3rI
geilisandcloverleafk2803,SZH2OvuEcI035g6PDVm65Q1Fb7ySEQ-TCFCkRnKIqwo,64bD-SHoDB7kZjlPZ2bqzH0UUMn7ALoM1gEa7duwuZk
gatewaykeeper,s4JPHqCNvdVspEYm_BGd8SIRzVvsj9e4bMFcSnnRG5Q,GsDU4b1x_nNrrHYu2e_zN-GgbnFNk1B1sN6mnrTIP-c
gardenarweave,ni0hV2tsgBYUwRB8LcSIlXpDAAY8tlrfumKDJJ71khE,d_UXatUQd5jTB3Gh3Et8hSxoDHeaRtIs-3hWLDFG86Q
futsal15team888888,goYNsn9ptai6neAYWPQTtaZt5WyFJkcGiS10MYtSPTs,1opQcS-9fCVm-EfR91SU5S8mgdmfAgwHYZCar1cxHVs
fudbear,eqWPXgEngDqBptVFmSlJT0YC9wgyAD4U8l1wrqKu_WE,3WQ6CrQ_R-G61xo7DlDwjpmXm__71UApU2f6ua855sg
frogzzzzzzzzzzz,hwix8tvuOHBAhsuBfE_cV8UrG8FPmtOyc3jTko0aSaU,Cakv0_aLTHkIOx68IN7K0PslD_dZSw1BmGK4rqIRK6Y
freeyuop0022133,BzLa8c8Y-G4HuzewKeY_l9I7iWCwmrj7k-YJ9WzH37M,1fsAPA8lPWBCbwVHYsikUi8vObyagYi7Vcz5fFYuTFA
freepalestineendgenocide,aeCoT9AtnlJJFMZKDH4RT3lk_K30Y_h5UHVAbfFLYR8,yrielK2eD2BDpg-Jd8NQSoGyXDwRk-AVcXlbetiyt2M
francessa,HRV3z63jbAlyTdOKfSAuf-Jwyga58_J1tTsY35tE3Tc,ytaVWfhqOiliO6wxob-lMVjQu29leATYK4MISTwpCTg
fomalhaut,XUypoBmlSB1hWfjbGwL6p1cB6QnYJCHDIFmrhEnEc8M,zny8wHrGnCRFu8E8UeMvLpWOPmiYw2EekYrHE9QbxFU
fllstck,COeB0-z-xyvgLFpmd-9wkqF1L2in1pNg2YT0CoG8BL8,azwUeWn6dplfQe5T8337TaEaXRA-6Wq1h2_rB0HeA8Q
flightacting,h8pFLXAO5Pcd2iguUTfiZi5yBOXvl7pSES96nzTiEVQ,D0j7lGvNphL4yJ_j9B_FDkIWCRLSoPzOxP4_i0ZPpR0
flechemano,ELNfYA5smn50JSL7Na0RBy9122pUR-nk3zcl-MR5D6s,xSghZhv8XcH5DLJ1NFkoO4qmyPKaBM9y9pAYCfMq95c
flappybird,tncUYUIOfIib-izqoGbVVO12LiZTjzh6YQYNenD2kH0,YYqY2T5GDWpt-7n9AeKURicgBt0JTkgQvV8jaZWJjtU
finaltest121212,fKmUclqo1gRj1uvlNdZgfRb6o-boLtdlukfLdSksMkI,Dy05ttGXyDK-IL2pGHLZ4ObGZudI0gUvNH03OUj3TwY
final-round,SPBqEhHPEitm3lcLwepcXRHEbRCW82G3juwR99rK5I8,NbgM7jBWk-0eIIsoznijktl2_hBM6eiPph0O7VQSAok
ferenednzkzy23,bsG4yxY0zOCyM1jOXIGNfZuFVPq65bfqT9ty-RnuqQs,vVnMHcrk_n5BSJ3nm2azTkYJPUraYUHhNziiHw0ycUc
fennari,jHGSqiQ8IPuPzZLN8ePwO_ddPOz0_C_gauxe-ph3bBU,5cbP78N-SwRavLhy-uRvks8G7TmF5NrfsinA5GSDjlc
fazarpangestu,iYY4sSErjZi756g6FHPq1AwCjG4dhXd0KvPLCHpvvrI,nodNngRI-4IXA0a3o1_yqf_fQrU8wcj1-97eyJtgXPs
faumanjosefago,3ZEDGDkBqrsWynnYSvfMfhM6CtOXJymi9oekeiMV82Y,cLS0Fwkkp1EZs_99LjFwrspf8M0EiY-50WFyfFKpXJ8
faiznevergiveup,SZO5P5L0Eq1zErSk2O3Zxbt8Oamcj7bCaexunDissEg,3OqGfBrFuGg5YxMx54x1QIF6TyZNlhEd1zmKC2AONrY
faizeblk47638481,zi8pOi0REiWV_PgqPn_yJzbiondJk5JC6GfVUGXiTzg,pBYrbC-IfCS2iyGJPZU5RZ8dQQDMBL7-Dz1VVGFBYv4
extraordinary,31Ncg2GleO_zdLLihoPjngikOFbNPaLcahI38BWQU6w,dN_E_wVZ6YqmTyAoz1sV2CqDHvq4ycxt0uPiaTxljZk
exnihilio,YpujpAhHCPkyw9L1yxAYoJD-SQgqLfuZtLZfFWihmEo,BMNy-8EfbstQX2hJk2tQkhj-jS3HUBrm8R2caSfKTWI
exclusive,mIMJW56b9nsDSL-ZIlfRe4hXpralOWyHfkxt50GzrE8,jOtq7zfYHbur2IcrvcfAo8sl_7xrlIMIZxu3dXVWd7w
everpay,5NPqYBdIsIpJzPeYixuz7BEH_W7BEk_mb8HxBD3OHXo,YoDcbRQrFy6mxt2RTjw60LM4GTjYVyrYBojkqtvnxuk
etherscan3_etherscan,q-z5GH7ArkpO5zxfOD96qGy9bwH_jy8q7Fv4ceMdZs8,fctj_jvvMkVlB_xuTMwPOizHk7HnKYamSBT6UJDAgtU
ethermatt,L3_4xRbOTeyYTief-L1v6SmANmk303rLBH_603YfFHo,grOKHYGPTGqL3DHNkVEdOh7fRcqDOpaqWe40SlMw6zY
ethereum,kRdpOYaT5pUUiNFDaUymqO1VcybZpAfNPnNdls-A134,181NVBc4OSV67dfNhFJy7y17vtMhc2-yOBH691OIVks
etherboi,4P_7gzSy9nmFoRat8lMtBwfyQmHQ98ZfMD2RiFxaaD0,N-swOGykIGrsv5ruGWe2wDruJ605IcJ2w83dEbM4cuM
ethangold,V4XAxkILMSopedTbzS9aG7PUBESljte11vebh45Ccyo,N54C1M5q-zJ5N4mg7A8wZ1Bke8jgTG93zqfBWblceWA
eternalmisery,8quaiIcJ6iWGAmgK4xeKxG98ky9uAVYfAVPpOPAt09Q,4SdowU9TyFgmbXdjfs_sxV0H9w9q5qZgCgrNouaYjYM
erminiswanfaniabdul,YVZ9_QshmFmIQjoj9cFt8t3blVu_b-Kht54AJDFywOI,9iB4AWgapUwUNhD3T91RRTCzGZ4AKJIVYEmQabpgYXA
erenynk,PE0gBR0wwHlNA4k4He0K3iYc-EKPqjgm7dG65T9pNiw,4m9DHlyOJVHmnX8kC2O1G1Owy-CAHgeNG8IIg3KApPQ
ercolino,j_eOHp5yoSnLsCDE9pp8UtW9PMy6KJphIAHll6RTmik,KaP094iVcVhv2ncp2Q2JsKAT_8iQZ2Y71S9PQ8zw8yo
entomolo,F7s3HXjgB3GC_B98_LiGvlSyCJkyYZRGCfPnLi0s1X8,C-5kExzaAQR-8tekvUZkbnCz5yofPls4qp7Pd1KJj20
emmaabbey246316222,YlNuHIcA5wWOuNHeLZ7YPRiWxTrjyGyI93Gpvmt2jME,U2I81t7XevbdmJWzQKoktpbJbEeWUYpKG10dwqHT5r4
emily12345,wHmOSpkvz-oxrtlfV4V3VCYt1dC5QRIZPksplpH4mR8,DFWhGR0ANUGZxIrqcp-sf36NEwKbbAXHNzDC_YRElss
elonmusk,zFBm5PN2a8AFoDivZ4cBOmspBiENWBdXz15rEXpGxC4,5T-QZQUESnjMXD2XAeiF_FLtS88qrJD8P2Zl7O9k2EE
elonmask,PQ8xSukxl8hFgP8wwGQBvCAJpevAmjfNVsH8TORJeEM,RY1-9rtgfc4yjYIRvrePj2l0x-S1HJ2fYL5siBJ-d-o
elessardarken,YcPEBPK-oS5IUxtVgICcl3DdfhfVJfui5LkBss805SQ,0iwXz-nlNLL7NxclDOgQUnXBC_8iv1w22YXdI6Dr5Hc
elementar,TI1Jgyd3TFaiL4tVSkwssvVQQCrVGsY30HVm8DG_DWg,qI6rmBFkluVTw-n2qMJpCegn_WQd3vUPfJeQvG3johk
elegantes,WJhe-yQN-3iOZbPHPAxZmnU79lexe3eGLwCX_GOHUFc,db3hRIytU7VmY4BvYHsnOc55AsXW0t84GQ-za1ADck4
elcinteeeeeeer,BZL3xWpQPPupW4JIKjjxfiImkRAUl7HEqPTb3DMZjxE,rtfmp4-xi7Lry_zyEwA5vAybr5xBO5iVJmNP1kB4k9g
edyanto,8ocURTXoises1EXXPCwNEZLHcPP6RbFK13b6jzCZfu0,LS0Xet2BPAHkg05hHNZAP69Bpw7YBNLq9Vca5nffCCw
ecamli,T7179iMclGFeIztwWy02XOM-5Ebx10TINteE8K8N5Dk,ENOUKkAhQYVl5vUJPzu_pLXWjNva8--9XJj0Jhsn6Q8
dwentz,pY1nE1lnn8L_OUKgQnv8H7EvWwCE6AUYtGuTng6l_TI,L7EGQrIk5HmyMDx7x2O9FcDiGfw4eCSDfugugjOvY0Q
dutkecil,ScEtph9-vfY7lgqlUWwUwOmm99ySeZGQhOX0MFAyFEs,QKQmKybic7PSZ_CUdunHUdyOGXw43RR7Wo5wm_IqPqw
dumdumz-soyle,OP1rTOcZdz_y7BVzSTXE6bJKl7ZweH0pKeuwpRCa5NU,MBR4hQXKD5zDyUk5E2pU7kl5e0kfvMU3eYhoA2PlPqU
dumdum-business,5NiK12azkBd10TmAV-ald6GM-MZ1prNkG-tiC1Usq38,PhClCAv5BDxQIL9O0qV5OAl1bsx6-TsUTh5-l35HU5M
dtf,ZjmB2vEUlHlJ7-rgJkYP09N5IzLPhJyStVrK5u9dDEo,USSnWNX2FDqRZ4NQr-4PzNESpGeyyr15ZIlU0aD0Hmc
drumfeet,8bIZKr6Wn15dYdkyXRfwaX7t_-MPzKB8w-WYxCyIXIw,uBe2djD7Qqx7-yVMkPU9cY-QjWeorHi_YCllxH_Iihw
drtestnet,4ncmHw9ZNRTVyrptYgJdWInoq75Rbx_u4Qlvq-PSrBI,06VjPkEfGwFFbDqDxIpI65_xhE-p3V6Szt9hvaJUEMw
dpshade,7oqF5rsBLc8MqWnrOHloVjixlbpfT7IdFqRQfyaNLOg,UeDeLM7dR2nW3TPZihZsrHSJ8so0fk9lqadUwZ1DsEU
dorukalpkaya,yPwwWj6zNA89rAN-BT405YcJJh0RXpkMvjiOA8JRWfw,rkFPPZItyUGNL6pslNm-x71P9sHy0h4smgXb1zJmu5s
dont-tell-me-do,HkRKUlJM85uaOurxShYU5TD3fCsTO0-0mhh_rcgc1Xw,XKi2c1JA5NOckFE-gEqc-KBz6b9wmS3aDpuEiNwu_BE
dongdong123,bA4syWwYx-TfpYThyuJC1JgX5P-hfZAfZAlf_hwvTsI,JR317nCnrsEoFCRi8vMByx6IpkwmdWlqPwM3Ig-DzmY
dlzvy,YlprxxUDtRCP2Ewfn5qEOQ0j1w_qLc9R6V6TnZ9HNSU,Rs1iFQ2VYUhTBxKl3BHW0iMVK5ZkbIai91HB5s1Wxl4
dingxaingyuan,DSDXCgoDM0iLjr3aUhDM9IAtiP2N0reHiCw-ACCBNdA,gDXGQjtLeY-ZdiFTeiRUsVms81Onnzw8moxiB2q3VDw
dikipaklek027,6t-mhHp0oot1v_D0ADIXfKQHuLbf3rvl6dMTBNd8sXs,DuIL0fFH6ty0kKKsKGfq-QdpnudoW0Nd9w517j91ECQ
digitclone,A10QqEe82AfWpQrIqbANJMQ5rivDEsSmxIVuX8W1-94,e8JH_rYAu6bt8bDy6VNLj3XJdajpKgxUQeFZ_qP2Yuw
diempi,GilzlnobAlrQckwQ5KyzZvDkO4J3jbxWhElD3yDhNPs,VKdbAh74rt49_o499GjHdPHZOvc4vft58KUav7dXbFk
did-you-drink-enough-water-today,Sl1DB6jBaISBrkBcvN8kA-MDnG0KSMtk3fCeVEHEUQE,y8geyuO5UOJzzf5NH9A6V0lTkW-cT6PaFGgov3F35kY
dicecotechnologies,nW19mc557WHu-EcCyRRUml3YuASZmhwUBXtpjbxeXLs,b6JfyvC4gEqNV2PKhCDrApXjYY5xcYOGGxzpbltxHrE
diamondshands,pQ1trBf1dW0jqAkBvbOzzkQDyJbMsgFPawmPpfJX-lc,fGZKpp-Fxb10VoQ_DV-AtLFmXqgZ6U9CwvbOnBp2Jls
devkral,HDN0eMb4OpTNAMeClQknzw0S_b9fMGnAaYBGwTWvGFk,LTwEhcKBaNIN5KlUstRT8yFsTbNnYUZcZ7PzC1siNjc
deutschland,VS4Ihsxh09DsaQCqkZVy-nCKMLqsVMGnRQXgcxPpQFM,rbIEf-s3dQFQpNEOV-CdEAxZuzu4Nr-XQslVdkPmbIQ
dermovatehugo,u88FcdwyjkXcFdCEuE2DxlCjbIlau7CpzDtObFBO1Lg,NnNDyNHTS8qqGV4wnRCGbTZ32QfcNkhJAELvYG7jVFI
denadaeda,V6GoIwWR4lUKFdmREpKVrvJeMHZ77bnIJoAq6R5Cd8g,jsteeycojnxaq_72awGAD7XM_h81fsZq10kZT0zS6QY
demariano,iORpSqCysUfCzjXGaYsjyzaznEE16r13PJ-bUPRpp5w,8c7_AlUCEyqOn6AM-TMqoVqo3nWRBH6i7hPRl8l91Ko
deloreseth6217041,lWC0-WZAD_66Id4WsY55mtA7_Vjln_SMv3EMVe157hY,ebc0KIuWsNB8Nfq7siFQNIlvWzbKUTCvEiuW7XA9dl8
degeneratedxxx,0lPvYypVo1gVzmFTqnh3HVZDcNGRsB_--C9OAeKZYu4,owX5LP8cWH86cb2NrbKx8nVgqEgBxZ_8P8DeWPFIZKw
defiplunt,SamNhE8JBi3R7Pn6ovDmxB7fB0CocDWj48p3-q6551w,c14WM2Owu3ZjGKfjlypABZnSV0uCCygTNtpTmHumIbU
davidbeckham,tUq5CrOREUNUzjG1yrP3NPqWDG7VZxBrBCT-NO5OYAc,0GELI2-kMB42UqhuImtBBanwDdSmLj9v-Gz7E-XOU1U
dasamuka,ZNsUG7VnUdL8-jAChetRPbGwfwD4RFDU1_jA0bsFzLc,2VObcrw49_n5hcr53PlZuy1LLJylnN0G0UPKvY5S8Vk
darmadumduman,TVff-CLmICQPQuSe43cEeQUHmM_8bM7cLposmbDdHbA,TxAOxkrAtoDFPCbmEEsBxh3B2Dw0-k-uDMquAFVP2Z8
danielhsieh,M9sQruUg4jlkKdB-isAWmAmCCLI27Gas0Mxj9RkziBY,GCA6s_8bJiInrXvNSJVoRIzJPTWq9m4ANIqZPAtp_f4
daniel123456,xdIGlz37OPhs-LrdEnGD_3qoWXgl6D8EyKE8jzdg_bs,OmVymbi2sNb_KSvLoLboh2SEt7hqXKxnnUJ1V6p6PnA
danidaniels3848,yfzuuX-jT70R4uDbBo0FRRhPLBepVNXCM86_3CM7Rcw,OKu2HgD1ybOtvwHDkM_xfeMASOmZmcaHFiuKn_Wslpg
dandanya543,-UYTC11ea2f47v8zouc9JRJ0l6sXE5wU8TH_tTkCpYE,rX89b1shoMorG2ri0bw_X8i920nW2MAHQtqIAC-QjG0
dandanya123456,Esy1uii1jqhajYy6wI0-p5-q8gbr_SS5nhL_nSqRkmQ,-aIQj4utDAhQNYM0teYiY6FK3Dhqb6BFubNe2z9fzyU
dadapoetenthusiasticweb3lover,1TVkL8sR2yeOYtTFjaI668D_vDEzfKWfNp1kahhk4BU,0Y-4VdXZg6bJNZFT7pam34T9afUlW19o8O8jtdKs6_o
cyanalp,f3Tb3tt5Ea2rfnopyOqMzE7696NxEaBmZTd2eE3Xrvw,expY-bIrBElcQ6Cwnh7aqrQL-zktNXzN2WEZluH-gCY
cryptopunks3_cryptopunks,n6wish67M0dynw_Jga4-FJwojn3RUrvoFa4eX8NKeDw,Tc9lpl5BkaK81-puuMMnYPDD0LEnd6eEMbCdoV7oxX0
cryptonic1,LCA3CoJ4ebsoX12h5kccuahzSz_EAnOksQKwrmnm3qQ,ajSpsfiLy4UKKgZS5chdlYYTT1Hc6BQI-Syhqi5J2eU
cryptomanilabs,6i0WoR5WGmwxU82r6zHGHBGX86CRnTW9rYCeeTilH4k,Zpjm6pGTnso7zlnTBtxzd5_Qf9dnEQBLX-CIgA4QqeI
cryptomania,PEqU5k1Wqu9C2vOWRSNoOml4lMLInJowaAU9hVA9ePs,Wi0QUBRXICWXTMd37Tgnfl346CF2BYlwRb74bqpmqjY
cryptolopers,Pou14a_WXAwHseF6Y31dJmz_IXaIduh59iUWIZzqdkI,5lP5d2hahs7Axxd0Xv52JATdJYlnYJ6IPSWkqvMubz0
cryptoeconomy,qOKdOncgYREg1mt5eDeHvh0LZUpReI4FvehkYZ6-mcA,777fRLedyWiaHWPpwSwU4kUvY2nF4rkBBA-oxqcn2sM
crypto99999ao,MLp6aAwqNsRYyVG7S4gK0XWT0aHjvwCjKd7v2p9_ywU,yBlktcCCszzLZ114XHQDWnzkduDV0Jk4mRfwe1TEUMQ
cryingfrog,BAQYHfwzlL5Fd1w8-fr2Iu0DMUzbgjwV-EM9fTP1Oeg,WbqGuIC16t3dXXJpPoKYegEMEOgCz7Pf-ZjEbHO6myI
cristiaronaldo,VuMRWFfVV0OhdJHvWbsRLUnE6_toe4mGdq9jE9_yOUo,7Jbt79rFGAKPC9crKe0nw-J-lFhU7wq6n3WZ6VpW-uw
crbaanotheree,VRJxKTG_elvmu6ph7bA2ZDvBTRXoS4NJjQCkFUuJVhM,5t2O3K-IsGu6LI-W4OCjYD0P1u5HXzqgXrpRlHajT0A
coinmarketcup,hZWXtu4mGqmsTeWD8Zp0FVGTy1CNTQ_oYjoyq30DCyU,WiWhUD5uyehvGUzaIwWK-vMyOuSWj0lE1s70T2RJ-AQ
churoyteabaelahh,O5xZdrWodOE_eS1Z-vv0khNIQIqIZaYmCniMrm3vkZE,4M4yR53gdGDon7L6De7ke88T1aH_x9shr1Yq_bVzu_M
chiefcforcryptoforhigh,TLU_m3DUzb_0sE-ufbezhrYZFWVEvr_VuncCnIlODjs,Gfzq_iwt0x4CyNSfeIObvuVMyIEecSmRIphKpEW3hUs
chenyi119,5v5jW6JxHqMwLbHxwOvmVwspkyftm99nblimpglAzic,t6tNcK51Os4rjYNyN1kPa63H7Nzg00IfJDL5r10PLO4
cem76cem16078,uS8fIBTWgQ4P-ZpxCXOuQo_XbGVhZn5LRbQAKQ2fcU0,dJ7yBOaOrJ8TZKQaWAuLhbcsm-3daMAlmteIXzPCIkc
castilanbburan,YJ3y9posZK2t4WBkA5t9v_5S5aTlZCjnIrQXHsRrTqk,Ae3oxrwVpYG5UnDfum2YLTX42H3d42fzz5_kt4hrhAg
captainamerica,R9p8DTjq72OlrAEpvqWtprTJM0DnpuerucmYWqLYkzM,hBrHvIW3y3zTdeSbOzGXRP0kH05zP36edk6-vn3Sb1M
capitalization,kLVq3zJYvVQAlZOH38dyczZZRAgarDH4fEsXPScogSI,df4v-e5JAB97ST44mQuA72Rwd3Jbh1S_MufjQ_s9upA
canduesed,UdduK9fJ5AgvbHtBH35JtBiNwTSCSsZU6ZEyVeh5o6E,4ZBb5njkcBPTtYW3J8nnq9ce0GI03XqejD1U7GO85Ww
campnode,D3ptaecv8R0f1KsOmzXids-LRfkdOsxir7v6hOigHGQ,ZzvQ_vj7A5H4EMiiI53ortSNWobbvBcAWrgFaWHQPQ0
camacazy66,R2F_yvosaSpeYDxTufyxI9Q9mDjaa4mk3sDZhncm078,PmxcBIYAP4xfONwEYcjddUiUL3XRTV0EHUWTegMWvUE
burakoztrk3582,dQrLu8ebeaR07cVENn0o3GzyHygB013M_IzVx9lY4Ls,u-RJ2JiwxyjbFh9bFk9wh0CjcPY-GaWIzI27xp27GJ8
bugravarli,kHDuBaYjMZModXS5rZ4UyhSQQFKFl7tMH30bU3MVYWY,M82QViBuJqZhQFekw0O4VBJAtms7V34Aptm7W7uuvTs
bughats123456,GxoxD42H-m1R1NnFZxPNm4TkVTgrOeZ6WPYAEpHZmy8,mKlzF-ZXra1HNIWM2aL0t6yysNd2kDae14VdvlM8tkw
budisedangbelajaruntukmembuatdomaindiarweaveyagoodl,GBrbTU1YVYvB0y9a6J0RYg_rpo6Nz7LGJcFf5A8zyeg,sFnWLUK7IKBgdNqJ5yFIwb806R7YqxOwfLH3R6Ko9w4
budisantuy666,WjUVfURHuwUgdp7XLYSdw_HRopJoQ9bppSUn_raJQ8E,6hS2SXshFtyI6f8_PU0-0y3wmjsuZ8Z4m3WN11dmK5M
btcbossxbtcbossx,s8u2SDPNU3ndJdzi-dIwJ6xJyjg4_O_stmWpJfnqQ_0,9vjZypXRSrV25YUryQUVILaXIK8Ip7IamXNJeD5gjH4
brockrushweave,3DQa0nHs2YnEzkpLZxpcjn5UapAX7deQCaIL5eIuryc,YMMvQDhXGfgMm4Q6_qK-D8wmtoqpxIcZA0SPdwxkAmw
boramirs,TYHjq5FHwQnRqbZkLTb7mDemLIb-x3FP-rOv-0YXNwQ,S4E1ZLcLBZ_3Bt9MyGLcO5Wp7gRvBcJoXcG_aPl4sMo
bootstrap,1LUv6R9jUc7_eqhyOAnPjevurdO5tRqAAUGTdd57yrw,rH7fRNUYRZq24fs15uqWCrcZ3tPJnFAanqXM6eJR1Ao
bobinstein,cF0H0SKdnaDTqWKY9iJKBktTpdEWgb3GnlndE7ABv0Q,Pd1ZsBrv-AIbBHQIPfOAzabwcH0oB0zWNfzuLFP8aFg
bobbytables,N4h8M9A9hasa3tF47qQyNvcKjm4APBKuFs7vqUVm-SI,Yz41hswpjNslAWZt1mphM4BjTFyAX3yg5Wo-JAvpyoA
bmw1000rrxxao,eUbUAQxt_f3uB_dS7GTbLsYyUkcZ3CT2vYOUbXKA9_8,U_RpBfZVad4nrKE4h12lrQuWmZld_a-twDo96bF3aIE
blockchainwanderer,xZjZYl52oEB98ZUaTxZ1uahVJGPc4f4qEQgCBCrnZ08,zBtcS0So-yWH_gsXkVsTIiaUZpW1Zfu4ApVDsXvxgAo
blockbooster,Woo5MJEDIQBl5BsgYlPhm14jHWd1OyrfsSvZub1HSY0,_PA5AjbKyTm7u8LXisEx51xJm_IWhQhYCkf0FGO6AIw
blackorwhite,VWvAjND9iJPIRC6LLgU2nkpiDKYdSaUJnUSblaGKOqg,Bey_JqxvfM0Hw9v6PvgmNcXWXo9IGJQQY81b0rqmp3Y
blackmoon,BSclf0eS9c0OSc2rrNi0O9GFx9RRcyuX8YP60xolHLU,a0S9Hkh_bcAugX2dyC8VbS7eTTDCx-ATK-WDOMTr_5Q
bit4096,8DQc0iDNU6RDUjwZntkjMyJQj2j1-eI4HVSXP6-ZNr4,-KhzwV-XMuQFFMUhEixbeBOGbDTchDmwnT8fk1gsHMw
benjaminalexanderchristophermaximilianmontgomery,n53T09_3PlRo-7dvZbom4EPwyknHr_eYNz3eCbVPPxk,PW0LDrPPnDJhShI9WN9vZqas7pmklbeiyjZZddFhdWc
bencatholder99,GUXi9qTKMBeJVPEUACPI7DFWA4cgikkSrgCDwaqZqIE,5w0bv5mNZUDfgF4mrOAJTGswL-B3l2DU0tX0Ll-W48U
bencat,dwovSZeBnScWrC4BwufeIc8FdS7sZywxRbGfhkq3c18,t_LvZ8bMc1k4IDypi-8VQslmNHUs3bpfHkx4fe8gUPc
bayernmunchen,r1lcUzAUg4-v1ZYq-C7AXwh9Cj39Vo4YhQrzcEcuCBE,Dsd4cBCeDoEBpffsQQqfy2LDpbnchmUUGRTmutzYudU
bark,yqRGaljOLb2IvKkYVa87Wdcc8m_4w6FI58Gej05gorA,fL01l5h3pGQEqfAz4jdSC_IoNViKzWGE1GrVLzLnYyI
barisseker,PfKJ8nA1d8GR5dCZQS9Etwe2FRFV2r4nVMr4uw9qdwg,971nX5PZOVx6b8oKT6Ic6owu4kY58kgSgDg8UZIp9gY
barcelona,91foyrPx40StWf1w6_RqO4gUjKrhlbrs38DyCdXAAws,iXpoouqZ78uEUJd92-tNiC3W6-ZJ5aXlwWhRPpqFZQE
baptiste,O94QpUJ4oZ8gXlAJMV_xcigO9VyD3Kgf_wI7hTo6SGM,YORfdFdX8rl-1dp6qQB9xHNMvlAZfUX8Vm1UmLE_M-s
baoquoc1998ntp,tjZAkUKFi4iqG_g5nR7zEywbXlXqADEHFCyx5mAp6KY,U-Nls_mHmOAIxCuSIOLzYTqkhcBqoNVEONQMOBiWHr8
bangkonglovers17,BM_hpjHa03SDUX1Z_85_4XV70hSt-bZv0_2NLglzXM4,0Y1ah20LHwKQx42Fib8L42pnR8wc-9j-Z7WwIdj6gKk
bangbagbesforce,I945Zcv0waSF7Mu2AV6F8000XzeinZpvUgpNtqpK7t8,ogr8cO_3fv6v7d9FJOysl45wTZ0OK7KNEcehZuTcsis
bancuhcryptoz,Yg8zRpcnyoaFZzz5adA4fnNB_otDXOti6f9o7QO896w,6jpcohkVhu7SZrdWaFWFsu0kf8OmklfgW30wBYYIDmk
bananadumdumz,CN93nQq8j_D9TOR22N5T_iDkNZZAGbu9Kxs2fOz65Ac,AsPGfbm8R9wE8JI6xc3HwnEtG8gNUd5BqTi6EGEP-vQ
bakkalgaziarioname,JYprdaWPbnOsClE2rrM4bnaxqprnrI9ltljYCofrEbw,1sRry4SZroz7hkW06mTUQZPfwSxDac9GGImVH3DrKco
ayub9000,OJIDD3EwBQ62vr0hVPRBiZSbPx-kD3blI_txERx342I,G8CWkk7JIxWp9zecCdqCCUxlFUlKQdzNPiNOMwGP2IE
axelltestnetonly,aJYenpsiQqP4ftyLCAiv3zVjgRXBj8kl0QprtoYxvMg,TkZXFaDJp9pUIQ4mtbf3Fb4DW1QHTp8DgJ0Q51jq0lw
astonmartin,O9QaatvkkOA2v2W_VHdqt_6HEAm8-_i7GPQuP81KxpE,SezhrNA-F1NEbfM_ED70MKKpt9qf8KKlj9HVQ6xCARY
asterix54907294,RuBgrFxzVr9ZJzbm1J8pg5r7UTEXElHnvuek-JBbyAE,azjG5GAB7fCyNoiRyhWRpaVKNyjwgRU3C4bCJ8DpnIg
aslanas01,HGKM7G-HuP4nK0cLGW6OxHvJKpt48AX0Wc9M11TET1o,BLucMR6iQomndm1nHZ3U2vQG1kpO-ScyFDv3_vCJZdg
asenkkk760760,E0MC_ibnkhEMzJGwihznTzxt9j07FsC831IL5USdIHc,RAQ-2b2F7zgnP3XML1Wc0GXVSz6RcnAFwWXnHQQHc5E
ascairdropasc,rRHlKRdjTCyheS9cxHclo2evArRXxlwGO1NjlDRtGYs,o59I19empk72qyerOg67O2v5hpIVn9Lhwn-fiynu6n0
arweaveskiers,F113qV7njBpqk_VMKaNdcN3L33GdS0QtZPgD_nGtr_0,C83rOD_0Dhr9JjkIJnBMOx5jl7Y2ztQlI1oAEJm8JdE
arweavenamesystem,c1Cz1fTE4ak9jtTSszfv1GfIBKGYKmLDzKzuQJx3x6g,PbXSJP2Ia4UZn_gZd6z3qoLGoixTZATIgMOvdhYEGRQ
arweavenamesys,FbG5KySBb5WlfzB2waB5RLb-MxF4DaH29jcM7uKDy60,rENvke5Ju4GbDNM0sMGun_23Glzz1peyH5qX61ExZ9s
arweavecamaro,i0gGhHjVvuqOO9W8k2CuX_28nrifNNCp5B2YONZtbds,BL2_D_Pk9U04Wx0P0dpfM-pRRJU7kRlX2MUfMAmiZ60
arthur_arthurabbott1990,kS2HBKQdeSNmdDvHN2VJYJBWVic08LHD5S3l_1lAw8Q,26CmoUM0s4eexSUPXhBMGJI3t_9kdndS097U_3rvHuM
arogdakitaskule,sdTdmyuDj-s9Vrn3KogF1s1Ukc2cFy1mFw990GWS-tk,wn6pQ3gOZE4FKDn0LYlUtB95cE8Y9Qx6bW8knMOB2Lg
arnsariohoang,zsIgEs9-3R4Vn9LnqnerwgKSmCCAOhRKPzXmPi3UGZA,qW7CJl51Z4WzZ6rLTMPLEKkHbaiEdxOVqK1ktxKydoQ
arnsaoarweave,W2EXrnis_hawz4phDg4i1YO60c64H8pxFo4zcoiv1e4,0NKEO0xFQn0IJcLfgXkiHVcfQ5YPEY1yAoi-N43vCuU
arnodetop,ucT6yI6AQ3tpB6ERamNiwK0148XE0KMl9o0DdfuyutM,h7U0YM3nzbUX2bGvBuD4Jak0rpJ8Zq5psDX3592tGYQ
arlink,Nzb-PebYZho1VT_ZTT-diJE-r2VGuL8UTwKSxaai1U0,MdCZCs8_H-pg04uQWID1AR4lu0XZyKlU0TPMNM_da4k
arisapp,cSYOy8-p1QFenktkDBFyRM3cwZSTrQ_J4EsELLho_UE,jC21_H7s-VU6u_FBVX0owtVTJg31ZSEfgx761_XX1MI
arioxxarweave,uolqMUcvJWi_IGbcKAFmJYmHdMi34a_EbPCdE0Od3wA,SDuGtK1Y3_u7CTCiOOVdFddXiQghvDvlVjmxQkAsEwU
ario-wen-binance,XxJ16Dt_VlqxDcymFVD8w9mlCwSg3dYQjXTdrtbFWlY,rvSHSt0GrYdzmhBqDY3SHsclHyfRQ2ndN3nsj-fCj0M
arifebriand08740314,TUDCcSMP494JwXtHTYSG7zMyX7SYhqSlbcmnFD-q6PE,u_ANnRCEmjWlW0-w-axzuOr3CZOLcvjBW2tp-gC0ZjU
arieldiazpratama,1O5nc_K8KaFLQeDsowCIUXKSpJTyob3LMu8sCGO8wAs,FZo0d7Yluzpt9zYY-tdeF0KR2DKjKeYya6RD3-8RwnI
arial123456,EGyYtV3J_kSX9LNBlri4jvMsKMSZnJ1jInG6SxJG6rM,CB4MmH-nEDIllIHXLLQb0BvofMFpNh5qKvuYxln0Nvs
arfans,wMg1QaLFRSolve7aXEl6aA1NlqX2BoJQecwIcu7GDBE,jW-qGW_BmDhg7UX_lSVZfYhiTAcQblkjYbX5XGHmqnE
ardriveapk,Dw451e7KzEPgWdZ1kdYUwq0Zf4EvRFnTcsjjQtnUmes,Xq4ppUozLQcrCs8o6QKaypvP0cRLpH0uxnJECrzfNjE
archoconstore,7DYE7_AtHBW9T98vUuZVkL6mW_ZX8t_GiIGR88Vi25I,VZRf27fgv_JJGXsGakZc3QHw-6mO7EYlTJ_3u-rlCXc
arceina,kCflZhsNDofALNadbPsknhVyl424OF0quSZxrBY9Muo,fKzGozCaCDLgXeGfMPIBCzBzAXuEHZKO69ohvIsw0DQ
ar_optimysthic,eWIndWPgafim4UZh4pKCQGrA820gbas7_flQUYfTxi4,taztCk8sj0oM1gzH1Prb_diHFgpJlafJc0XJjkYXJV0
ar-we-ave-ao-ar,KsHdxewU2qgzXbjT7dqRbpnKEuRuuP5NcbSSw7n9zB4,X0JlVjOJXnA3nIBdRVqE4ZJp8xdJrdKw4Bpa1xm45_E
aqxeee,UumSF7AZ1LEexCSv6xdFu-Cl2_pyZ681bbViQL7iQuY,CTtqG5wZ2UWQd0fF4cNxH3-rhJwCgih3fu2EFulIMkg
aovnkakila,aIIeW4ZW1NH7AY_4W3-PZ3K8pjeSwQ0M5J_8noAMldk,KidbJ-HIpC78kz6_OrkQTy_w3dpBaEK0LDuggLNDccw
aotransaction,9OGP7EFG6A47Ra9QY1dFI0hoGlk8JfTVBDHbCtp-A7Q,e8q6wxdfSZdb3VxKo0-qMSummnL1uWohO4V0wakNMBI
aothecomputer,KhX4ymYGPdOgq_5SbDBIHcPj7EI3JMW4xxp60y45zuY,UkOlnZkpG4sYpLFkMp71WEF7P9z8ZOREv3xSbas9lxg
aogoat,9rvrvdNtI9zd_KEbGWXIBzE6JkTYzxEV4wqfgDq6DIM,R2LBgesSb-EpwBzamPF3DryrOJpZRBT4yMlaTj30gbE
aofaturheru58,e-ZCtvFOk6mobu8gJkBB__YGvLKx3idD6QpFppbJvSI,QB67GtSInaLiYRt6yJywVpGBB5QR5H_BxH8XqIk52H4
aocomputerwallet,dzSLXvSXWO_mY9BcXzpyHEUc_imHhCE2OAU5_8NhbVo,J42sGA8VBYdE20KxZJTjDvbhDq9xw8I9EMbkDFeDOok
aochronophant,ozQBSokcr0mrQkV15tCVTOn0FX1LO2AuZuT4ZXoBrMM,Ein07LLnNDMzR9zkK4VuPnwjWm-WAOt8pBGKjnII7-A
ao-the-computer,GrOV5vP5eVAQq0YU-dU1_0xM6UR1qH0bCgN-m0pA5mE,_2sz69htETO9y4TepjXst9H2NK8uWFdvny7wOhEc_1c
anuness,KhFjOARrV9EpMrVAZ_TK7vs9jFxgYfcmvod4CRWDfBg,9Wz6f9paIJgJ_tFktjnTFtUDmUbtoQFXQsVBpMrSDJ0
ankushkun,8iD-Gy_sKx98oth27JhjjP2V_xUSIGqs_8-skb63YHg,NA2qNrC0iVW8YpojW7daF6KqC4TScxqirS8cD0FVZGY
anjasmar666666,c9fLpvjcdXlldIL5fGicLabI5zOr6vlySotkD295Jzo,REaAz7-BBXUPTv88nwPtXxtaxmfLzpN4L9MYsWtUrXw
androidmod179,lbONvmfFfW3mADI8TAJSN_1Ah8x0IykZyvFXNkNYKGo,YveQwPJs6VGDtyhUAA6QJRhK8AGYXzCrWGyC3H8lmus
amsterdam-trip,faYO9MP6iyElNcTdZD5FOqCbree0OjgGsMIYVf2_cvY,HlgLjcfYOG9zVIVJWeaR3X3w-f0vZ9b2gxaXeb_JIh4
ambassador-kt10,N64vIXjphKRHrciqRafXleT_dJ_PwgYVa-_kdWy1Xpk,gbrO59Z89OdePrKrJmux_IR6YlinH7fA_HKnxcHN31s
alpharabius,YMMU4U8YGp7T8bBwB97OYK5AXs_2LzaLaI4O-i69Fbc,xAaOLA85sxlhMeIok9goOFD0U-hkJleTV1mwl-v0u8s
alparslan2025,MHSa0SN3MPGJVM_o68rUAQcYF4Cr1yku24V55f2vzvw,yOOVzwPCB5TpVkGZYayI1mhcZhGxhiQggW1fBYgx3iU
alnenvarweave,voxVcacNR-s2hDpEtvD0VPhZMHo5ujIfVaT6yA90J7A,ETc52nXhwHwx3oatNx7Eyxg-avuRM0vC1YsLHRitNqU
almostgreat,6Z-ifqgVi1jOwMvSNwKWs6ewUEQ0gU9eo4aHYC3rN1M,FDtpyHI7qQ1AaQ3TjP2mRNgmvJtpHTklhB_QtTxzBl4
alfianneversleep,X0HtgdR3asdYlsFdrNnuFd6_oJ8BS-L9UKz5tWpNLN4,m-slpgA8aCzDZO93om2rUMKT3k1TMV3vuDyMtleWuAk
aleko0o,ghGftRJ6mcBSqL1g9b4DIfqs4tbD4CuDXtAZaYRSzDs,Ps7gHBU70FxNhJg0IZBwrcUwNW2IMZe0z7yGubW7nTM
aldyaldryanjayengaraoxyz,pznxhtbPSe9GyvF0_VCtLrcnPvncBNyMCqMb5WDkpk4,ETDrn2jrVIOcOMOFA2OraeTefuxK2veXpUUe_ZPXEAo
alchemy5_alchemy,YyE_4vjZChiB6Ok7oy5QlhO8OsF-8DBzsjPP-_1cDLs,TJ3M25VTnqIllbQQLkm-eEl0rSgocYjON8mBm3pYTts
aksamlan,9oqMfuQWZ6QNPzu4ZZcXCQuD6SVFtUK7hbxOmlfrWpI,tMHRSMfyaLzrSYTeuUwJoTbBDNgznITYZlDDkY-ggq8
ajipamungkas471,7dD8wzqcAN1wFda_4IIUGVI2R5fmViYBWyNdekyTLxs,8NZPgVKLtzCdViYVfziOzykhZ6itaZ7nz4a9dplNBJo
agentao_agentbypassai,uB-X2hZPzHxjHc9vDfFZLrz9BObQpGhm_BC3VPTYw-M,czGo-H5DTzt57WJXDTGqmvQ7tHErNUpcdcGzfHjwaAk
afiqhaekal,sQ32BruFcrHMjfnr9To0X63WkRq7k-5NWNC865OwX8g,WGZcTDCEwJpi83z1L-rVdcML4uGNIPnV72NFsnG2YZ8
adrive-test,UvfujbVI_vX2zotqmIcsq8CfH_9auRFzCksp4Lb33VU,P2I03fij0j9W_5kXvKSq7KayxXtt-ZWbtQ78DLCGLiI
administrator,e8KzxfVKibmgE8Odz5H0PP3ONPavc2Jt8WE7kX3_YcQ,LlDrLv2Jb-4uU5BTlXqTcHC2w8pRryG7_pO5MjhtxWI
ademcanbrazilyali,4-mp3nYhEFgR9tehIwujKnJjgpe0yiRbGdGgTcbsXAc,31Uaxm_JTh9oNrTt4fpzRFYbZv2YRHdEizTGJD9L8t4
adamsinsivasli_burcucuk,obbDIY_Tkhjx7uP8VMfaAuv2lUUXpKYUsOkADSf1JL4,lYXH5XBZ84wzFlg4DCPVoAKu7smrtY1aUEU6vy806oI
abdull4yevarweave,rZFGt-lp4CqKCzZ1pluR5PqLBw5-tgellSJHjcae1Lc,zezL44_Wz6k-QYIZabRSnCmgIIUaRyWdX8tzntYsvJs
ababilfilms999,wZ_5caSKJLmOjWYR3dEcsz-qSgFj9eem-Mnnsxy3ti8,WE6HYdd0wa0APayAEcPgbvFTS6VNa1WVqWa9yHWIf8I
aahayangngajarannamayangpanjangsangkancalawakmacana,KWUNZ2xj-BO7TT3k7LKqoRfrPsY9915TQmeUYDGpLls,0XCUELFvBGPJOGRJAnKsmPRAephJaoerDxlekGXtdSk
a-for-alpha-z-for-zigza,6JBkDWwcdzwe7-8QllMqhYYgLALeVDcUdSb5vK16lG0,qfR_ejFXnmSySvnbGZ490iuc20BuHcWWc39iUsQRH4U
901198812170018,UTLW_VZMLJVoGw85d06v8sV2FdDhnCmQdL2PPsywCv4,PxeaCIc3I7iKj9rYPdQDytdlrUITNxE1jlsTN3Q35-c
654a65sd4a65sd46a5sd46a5s4d6a5s4d6a54sd6a54sd65a4sd,7waR8v4STuwPnTck1zFVkQqJh5K9q9Zik4Y5-5dV7nk,pQVf9-a475CWqqxx--_rqg39UYfidtdxHNyjeEpRezA
12345678910,Xad-S0w0mCpdt03Vb8XXF7fiGbutVLi5fjtRgTgszvs,vMiGghNuCGyED7ChUt2GC65mpxo1Js4mS78HtNH6vJw
121212121121212,jySmYNX_nvIN65-TAjHrq0fSOmSP9IFtuH3Ibh0v_to,J0vMeqXSWjiMXt4nHMh_1JSXd65a18yUDsBq8kt6pPc
0xzontum0x,99cN-yl_Ytpn-_vOOZrF39O3YST9Qe5OP9SZHP_JN7Y,fTIBplOrlrbIVoRtiIDXQvmu0pq30wZdgdQrtHHqA1Y
0xzlatan,4sJ7bWw8thEaN4Ez8ClSIBBBZVuwGF9wJfZyKYBRMcA,XEaDljnomKkBN-2CcmLZ7nhCcOphahJNaYY2Zh1oMvY
0xwarvan,7pZ31pDkI4TBa4FLNTicgj5WSjVhbXbRUgVLrBlRV9M,rFExSXCmyFAr7UCwf9WehhlUtVOmi-tz4ty5zD_Y8U0
0xtukimin,6KTw1-wnlH9Oq2bs6n8OIxMQiaySXddccEDAbS6jn0E,9ubMoi7LMjSnOQvPc_tpRg5XRsdG6PKieOH4a7S2ehc
0xtrumphummer,JH3Mt_gPPTxEMyW6Ga3Ee478-8V6i-uezi2kYlLz_w4,PP1zrCSp2jJj3NnykN9P5eIQ6LcOHQ6q4U8bKC4pql0
0xmaykyagario,qocKz2l_0vE_Km95qLszTRXrdV5QcFXlW26CE7Vq-mM,1vVAX5ZYqLXZ_VOdR7of_KyDGbv5RxxXOtIlWf7_zfw
0xkyydless69696969,n52Nsqg0MhDe3SjdKqc1yqN0WBnYDjiHjJWK2te2SSo,qGHa-7LSqwtiVGXB7gpt4Ld7A0mwJzENLGuyLeDm4co
0xknowledge,GY0MysWAv83ANosil942egXtxMxxlAPEiI1LFF5hxjA,CN4kgrcVUM6SDw0ijYxsKOCt7sXl1ULc4uCEIID0xvU
0xhyudrop,6q40xYtg_-zGSs9SutWstLkimKRRTsiJexU9YQhZU5U,qO3KKRstw-Pp4Qqna6kR-OPd19sdo15qzrGi4lxeVRg
0xdecentralize,dpmrJQrMVxygj9bdsCfr7-QWpcnl_nTWcsc52gzmGCM,sZS1rNbuOnwNIsR2YHrCliQzuDbvLnSdHJ8Be3QN2Ic
0xanotherones,9_yYFXgGYPRv4VXZPrQQAtZz-BsDRaN3vzeUHAMQF18,slwKQVK1lHjywLIOWrm8IBJUkNYdter6_708eDqH6Fg
0xagletdoteth,lKjRho7f0ejWDTKQdc1tElqF2RV-jlVp3JPR1vqLqmw,QTnFAM_8FGBAnpnAYN4S_kQi9IepyDJcmqht6dth6eQ
0x0x0x0x0x0x0,6i0DPkhe1HnSNafn-WaplqB-9P_5f5nU-kZLg5tz498,3sCsvtZOFpJUkfWNUcL-mdL9eHtBK1zr8hmwzycL4Cw
